contraente_key,classificazione,regola,occorrenze
2M+A ARCHITETTURA & INGEGNERIA,non_classificato,nessun_segnale_esplicito,1
2WARE S.R.L.,organization,org_srl,1
3F&EDIN SPA,organization,org_spa,1
3G DI MAZARESE G. LAUDICINA G. E PUMO A. S.N.C.,organization,org_snc,1
4 EMME SERVICE S.P.A,organization,org_spa,1
A & C ECOTECH S.R.L,organization,org_srl,1
A PROPRIO CARICO AD UN PREZZO,non_classificato,nessun_segnale_esplicito,1
A. MANZONI & C. S.P.A.,organization,org_spa,1
A. MANZONI & C. SPA,organization,org_spa,1
A.G.PEGASUS SRL,organization,org_srl,1
A.GEG SRL,organization,org_srl,1
A.I.R. TECH S.R.L,organization,org_srl,6
A.MANZONI & C. SPA,organization,org_spa,1
A.S.T.E. CONGRESS S.R.L.,organization,org_srl,1
A2A ENERGIA SPA,organization,org_spa,1
A2A ENERGIA SPA PER IL PERIODO 01.07.2025 – 30.06.2026,organization,org_spa,1
A2BI ENGINEERING S.R.L.,organization,org_srl,1
A72 DI CHIORLIN,non_classificato,nessun_segnale_esplicito,1
AB TENDE SRL,organization,org_srl,1
ABITARE VERDE DI NOCCHI ANTONIO,non_classificato,nessun_segnale_esplicito,1
ACCA SOFTWARE S.P.A,organization,org_spa,1
ACCA SOFTWARE S.P.A.,organization,org_spa,2
ACCA SOFTWARE SPA,organization,org_spa,1
ACCENTURE,non_classificato,nessun_segnale_esplicito,1
ACCENTURE S.P.A.,organization,org_spa,1
ACE RECRUITERS CANADA CORPORATION,non_classificato,nessun_segnale_esplicito,1
ADALTA S.N.C. DI FAZZI MARCO E,organization,org_snc,1
ADCOM S.R.L.,organization,org_srl,1
ADN-KRONOS SPA,organization,org_spa,1
ADNKRONOS SOCIETA' PER AZIONI - AGENZIA GIORNALISTICA DI INFORMAZIONI UNIPERSONALE,organization,org_societa_generica,1
ADPARTNERS S.R.L,organization,org_srl,2
ADRIATICA APPALTI S.R.L.,organization,org_srl,2
ADRIATICA APPALTI SRL,organization,org_srl,1
ADV STUDIO SCS ONLUS,non_classificato,nessun_segnale_esplicito,2
ADVERTISING SRL,organization,org_srl,1
AEFFE CONSULTING SRL,organization,org_srl,1
AFFIDATARIO DICHIARA E GARANTISCE DI ESS,non_classificato,nessun_segnale_esplicito,2
AFFIDATARIO QUALE SOGGETTO TERZO È TENUTO,non_classificato,nessun_segnale_esplicito,1
AFFIDATARIO SIA IN REGOLA CON I REQUISITI GENERALI E PROFESS,non_classificato,nessun_segnale_esplicito,1
AFRICA MEDIAS FINANCEÈ,non_classificato,nessun_segnale_esplicito,1
AFRICAMEDIASFINANCE,non_classificato,nessun_segnale_esplicito,1
AG SYSTEM S.R.L.,organization,org_srl,1
AGE ASSICURAZIONE GESTIONE ENTI S,non_classificato,nessun_segnale_esplicito,1
AGENZIA D'IPPOLITO DI ALESSANDRA D'IPPOLITO & C,non_classificato,nessun_segnale_esplicito,1
AGENZIA DEL MARKETING EDITORIALE SRL,organization,org_srl,1
AGENZIA NAZIONALE PER L'ATTRAZIONE DEGLI INVESTIMENTI E LO SVILUPPO D'IMPRESA S.P.A.,organization,org_spa,1
AGENZIA NAZIONALE PER LA SICUREZZA DELLE FERROVIE E DELLE INFRASTRUTTURE STRADALI E AUTOSTRADALI (ANSFISA),non_classificato,nessun_segnale_esplicito,1
AGGIUDICATARIA SARÀ TENUTA AD ASS,non_classificato,nessun_segnale_esplicito,1
AGIC TECHNOLOGY,non_classificato,nessun_segnale_esplicito,1
AGIC TECHNOLOGY SRL,organization,org_srl,1
AGRICOLA IL VERDE DI GIANNI ROBERTO E COLONNA ANTONIO - SOCIETA' IN NOME COLLETTIVO,organization,org_societa_generica,1
AGRICOLA MONTE SAN PANTALEONE - COOPERATIVA,organization,org_cooperativa,1
AGRIFOLIA STUDIO ASSOCIATO,organization,org_studio_prof,1
AHRCOS SPA,organization,org_spa,1
AICOMPLY SRL,organization,org_srl,1
AIM SPORT S.R.L.,organization,org_srl,1
AIR FIRE S.P.A.,organization,org_spa,1
AIRIS S.R.L.,organization,org_srl,1
AIRONE SOCIETÀ COOPERATIVA,organization,org_cooperativa,1
AISAR DI ARLEO GIOVANNI,non_classificato,nessun_segnale_esplicito,1
AISTECH SRL,organization,org_srl,1
AK SRL,organization,org_srl,1
ALAB DI ROBERTO ALESS,non_classificato,nessun_segnale_esplicito,1
ALCANTARA S.R.L,organization,org_srl,1
ALES ARTE LAVORO E SERVIZI S.P.A.,organization,org_spa,1
ALES S.P.A.,organization,org_spa,2
ALES SPA,organization,org_spa,1
ALES – ARTE LAVORO E SERVIZI S.P.A,organization,org_spa,1
ALESSANDRO CIOCCI,non_classificato,nessun_segnale_esplicito,1
ALESSIO FORMICOLA - LIBERO PROFESSIONISTA,non_classificato,nessun_segnale_esplicito,1
ALESSIO MICELI,non_classificato,nessun_segnale_esplicito,1
ALFA AMBIENTE CONSULTING SOCIETA' A RESPONSABILITA' LIMITATA,organization,org_societa_generica,1
ALFONSO SCUOTTO GROUP S.R.L.,organization,org_srl,3
ALGECO S.P.A.,organization,org_spa,1
ALGECO SPA,organization,org_spa,1
ALIMENTARI LUCA DI SANTE,non_classificato,nessun_segnale_esplicito,8
ALIS S,non_classificato,nessun_segnale_esplicito,1
ALISEI SRL,organization,org_srl,1
ALL COMPUTERS S.R.L,organization,org_srl,1
ALMA S.R.L,organization,org_srl,1
ALMA S.R.L.,organization,org_srl,2
ALMABOX SRL,organization,org_srl,1
ALMAVIVA S.P.A.,organization,org_spa,1
ALNITAK SRLS,organization,org_srl,1
ALPHAOMEGA S.R.L.,organization,org_srl,1
ALPHAVILLE TRADUZIONI E SERVIZI EDITORIALI -,non_classificato,nessun_segnale_esplicito,1
ALTFIRE SRL,organization,org_srl,1
ALTOP S,non_classificato,nessun_segnale_esplicito,2
"ALTRE PUBBLICHE AMMINISTRAZIONI, DIMOSTRANDOSI AFFIDABILE",non_classificato,nessun_segnale_esplicito,1
ALVAREZ & MARSAL (A&M) ITALIA S.R.L.,organization,org_srl,1
AM COSTRUZIONI SRL,organization,org_srl,1
AMBASS,non_classificato,nessun_segnale_esplicito,5
AMBIENTE 1985 S.R.L.,organization,org_srl,1
AMMESS,non_classificato,nessun_segnale_esplicito,1
ANALISI MEDICHE DOTT.RI CANNAVÒ SRL,organization,org_srl,1
ANCI COMUNICARE SRL,organization,org_srl,1
ANCONAMBIENTE SPA,organization,org_spa,1
ANDREA AGUIARI,non_classificato,nessun_segnale_esplicito,1
ANDREW ALEXANDER TIBURZI,non_classificato,nessun_segnale_esplicito,1
ANGQ SISTEMI SRL,organization,org_srl,1
ANSA - AGENZIA NAZIONALE DI STAMPA ASSOCIATA,non_classificato,nessun_segnale_esplicito,1
ANTARES RESTAURO,non_classificato,nessun_segnale_esplicito,1
ANTHESI S.R.L,organization,org_srl,1
ANTINCENDIO ESS,non_classificato,nessun_segnale_esplicito,1
ANTINCENDIO RIGGIO,non_classificato,nessun_segnale_esplicito,1
ANTINCENDIO RIGGIO DI RIGGIO,non_classificato,nessun_segnale_esplicito,1
ANTONIO DE NIGRIS,non_classificato,nessun_segnale_esplicito,1
AON S,non_classificato,nessun_segnale_esplicito,2
AON S.P.A.,organization,org_spa,1
AON S.P.A. INSURANCE & REINSURANCE BROKERS,organization,org_spa,3
APAVE CERTIFICATION ITALIA S.R.L.,organization,org_srl,1
APG SENEGAL,non_classificato,nessun_segnale_esplicito,1
APIX SA,non_classificato,nessun_segnale_esplicito,1
APS AEROSPACE CORP,non_classificato,nessun_segnale_esplicito,1
AQUATEC,non_classificato,nessun_segnale_esplicito,1
ARCA SOC. COOPERATIVA,organization,org_cooperativa,1
ARCADIA INFORMATICA SRL,organization,org_srl,1
ARCH. ALFONSO ANGELONE,person,per_arch,1
ARCH. ANDREA CALIFANO,person,per_arch,1
ARCH. CARMELO PUGLIATTI,person,per_arch,1
ARCH. CAROLINA DE CAMILLIS,person,per_arch,1
ARCH. DANIELA BORGESE,person,per_arch,1
ARCH. ELIO MARINO,person,per_arch,1
ARCH. ERBAGGIO LUCA,person,per_arch,1
ARCH. FABIO VALLI,person,per_arch,1
ARCH. FRANCESCO DE MEO,person,per_arch,1
ARCH. GIUSEPPE GARDINI,person,per_arch,1
ARCH. ISABELLA ARTANA,person,per_arch,1
ARCH. LAURA CLOTILDE BERGONZONI,person,per_arch,1
ARCH. LUCA AFFUBINE,person,per_arch,1
ARCH. MARCO LENNA,person,per_arch,1
ARCH. PAOLA BRUNORI,person,per_arch,1
ARCH. PIERPAOLO FRANZESE CON STUDIO PROFESS,person,per_arch,1
ARCH. ROBERTA CARRARA,person,per_arch,1
ARCH. VINCENZO TOTINO,person,per_arch,1
ARCHILAB SRL,organization,org_srl,1
ARCHITETTO ANELINDA DI MUZIO,person,per_arch,1
ARCHITETTO FRANCESCO DI MEO,person,per_arch,1
ARCHITETTO MARCO AGLIATA,person,per_arch,1
ARCHITETTO ROBERTO SIMEONE,person,per_arch,1
ARCHITETTO ROMOLO CRESCENZI,person,per_arch,1
ARCHITETTO VALERIA CIVITILLO,person,per_arch,1
ARCHITETTURA E RESTAURO ENGINEERING UNIPERSONALE S.R.L.S,organization,org_srl,1
ARCHIVERDE - SOCIETA' A RESPONSABILITA' LIMITATA CON SEDE A VIA SALASCO 32,organization,org_societa_generica,1
ARCHIVI SPA,organization,org_spa,2
ARCHPLUS STUDIO S.R.L.S,organization,org_srl,1
ARDITO ATTILIO,non_classificato,nessun_segnale_esplicito,1
AREA COMUNICACIÓN GLOBAL,non_classificato,nessun_segnale_esplicito,1
AREA SPORT DI FULVIO ASSANTI,non_classificato,nessun_segnale_esplicito,1
ARES S.R.L.,organization,org_srl,1
ARGA SRL,organization,org_srl,1
ARGOTECH S.R.L. DI ROMA,organization,org_srl,1
ARGOTECH SRL,organization,org_srl,1
ARPAL AGENZIA REGIONALE PER LA PROTEZIONE DELL'AMBIENTE LIGURE,non_classificato,nessun_segnale_esplicito,1
ARREDAMENTI MOQUETTES SRL,organization,org_srl,1
ARREDAMENTI RAMUNDO S.R.L.,organization,org_srl,1
ARS MOVENDI SRL,organization,org_srl,1
ARSLOGICA SISTEMI SRL,organization,org_srl,2
ARSOLOGICA SISTEMI,non_classificato,nessun_segnale_esplicito,1
ART DEFENDER INSURANCE S,non_classificato,nessun_segnale_esplicito,1
ARTERIA SRL,organization,org_srl,3
ARTERNATIVA S.R.L,organization,org_srl,1
ARTERNATIVA S.R.L.,organization,org_srl,1
ARTHUR D. LITTLE SOCIETÀ BENEFIT S.P.A,organization,org_spa,1
ARTICOLARTE S,non_classificato,nessun_segnale_esplicito,2
ARTICOLARTE S.R.L.,organization,org_srl,1
ARTIFICIA CONSORZIO,organization,org_consortium,1
ARTRIBUNE S,non_classificato,nessun_segnale_esplicito,1
ARTS MEDIA S.R.L.,organization,org_srl,1
ARUBA BUSINESS,non_classificato,nessun_segnale_esplicito,2
ARUP ITALIA S.R.L.,organization,org_srl,1
ASA GIARDINI DI BALDI ANDREA,non_classificato,nessun_segnale_esplicito,1
ASACOS S,non_classificato,nessun_segnale_esplicito,1
ASACOS SRLS,organization,org_srl,1
ASCACOMUNICAZIONE S,non_classificato,nessun_segnale_esplicito,1
ASCENSORI SERVIZI S.R.L.,organization,org_srl,1
ASOSIASI PERANCANG PENGUSAHA MODE,non_classificato,nessun_segnale_esplicito,1
ASSO LIGHTING AND TRUSS,non_classificato,nessun_segnale_esplicito,1
ASSOCIAZIONE CULTURALE DONNAFUGATA 2000 (P,organization,org_associazione,1
ASSOCIAZIONE ITALIANA DI EPIDEMIOLOGIA,organization,org_associazione,1
ASSOCIAZIONE PROFESSIONALE PWC TLS AVVOCATI E COMMERCIALISTI,organization,org_associazione,1
ASTORIA EDICIONES,non_classificato,nessun_segnale_esplicito,1
ASTRA MEDIA SRL,organization,org_srl,1
ASVIS -ALLEANZA ITALIANA PER LO SVILUPPO SOSTENIBILE,non_classificato,nessun_segnale_esplicito,1
ASYSTEL-BDF S.P.A,organization,org_spa,1
ATLANTE SOCIETA' CONSORTILE,organization,org_societa_generica,1
ATS ELETTRONICA SAS.,organization,org_sas,1
ATTICO 99 SRL,organization,org_srl,1
ATTILIO CUPIDO - ACTUALAB,non_classificato,nessun_segnale_esplicito,1
AURUM MAGNA TIMON SL,non_classificato,nessun_segnale_esplicito,1
AUTOCARROZZERIA MODERNA SRL,organization,org_srl,1
AUTOFFICINA A. PEREGO,non_classificato,nessun_segnale_esplicito,4
AV SANIFICATION S.R.L,organization,org_srl,1
AVV. ARTURO CANCRINI,person,per_avv,1
AVV. FRANCESCO CAPOCCIA,person,per_avv,1
AVV. IVAN FRIONI,person,per_avv,1
AYVENS/ALD AUTOMOTIVE,non_classificato,nessun_segnale_esplicito,1
AZ UFFICIO SNC,organization,org_snc,1
B.O.T.W. S.R.L,organization,org_srl,1
BADIALI MIRKO,non_classificato,nessun_segnale_esplicito,1
BAGLIONI S,non_classificato,nessun_segnale_esplicito,2
BANDOSUBITO S.R.L.,organization,org_srl,1
BAR BANQUETING S,non_classificato,nessun_segnale_esplicito,1
BARBIERI KLEIBER S.R.L.,organization,org_srl,1
BARCHIESI MASSIMO,non_classificato,nessun_segnale_esplicito,2
BARUCHELLI FLORIO SAS,organization,org_sas,1
BATTER FLY SRL,organization,org_srl,1
BBS PRATICHE & SERVIZI S.R.L,organization,org_srl,1
BCM SERVICE S.R.L.,organization,org_srl,1
BEATRICE POGGI,non_classificato,nessun_segnale_esplicito,1
BELLETTATI EMANUELA ED ELISABETTA S.A.S,organization,org_sas,1
BELLETTATI S.A.S. DI EMANUELA BELLETTATI,organization,org_sas,1
BELLETTATI SAS DI EMANUELA BELLETTATI,organization,org_sas,2
BENEDETTA SERCHI,non_classificato,nessun_segnale_esplicito,1
BENEDETTO QUAQUARO,non_classificato,nessun_segnale_esplicito,1
BENEFIT,non_classificato,nessun_segnale_esplicito,1
BENSI SILVIA – RESTAURI D’ARTE,non_classificato,nessun_segnale_esplicito,1
BERTAZZONI ASCENSORI S.R.L.,organization,org_srl,1
BETTATI ANTINCENDIO S.R.L.,organization,org_srl,1
BG AMBIENTE SRL C.F. 130627810033,organization,org_srl,1
BIANCONE GIANNANTONIO DI GABRIELE CIPRIANI,non_classificato,nessun_segnale_esplicito,1
BIBLOS SOCIETÀ COOPERATIVA UNIVERSITARIA,organization,org_cooperativa,1
BIGIO MASSIMO,non_classificato,nessun_segnale_esplicito,1
BIOGENERICA SRL -VIA GESUALDO BUFALINO,organization,org_srl,1
BIONIRO S,non_classificato,nessun_segnale_esplicito,1
BIOPTIKA S.R.L.,organization,org_srl,1
BIZZAGLIA A. & S. S.R.L.,organization,org_srl,1
BKK BAR SHOW CO,non_classificato,nessun_segnale_esplicito,2
BLACK BOW CHAUFFEUR,non_classificato,nessun_segnale_esplicito,1
BLADE INFORMATICA SRL,organization,org_srl,1
BLEKA SRL,organization,org_srl,1
BLITZ DISINFESTAZIONI SRL,organization,org_srl,1
BLU OCEAN SRL,organization,org_srl,1
BLUEBAG ITALIA S,non_classificato,nessun_segnale_esplicito,1
BOCCI CARTA SRL,organization,org_srl,1
BOLLONI COSTRUZIONI S.R.L.,organization,org_srl,1
BONANNINI SRL,organization,org_srl,1
BONECHI STEFANO,non_classificato,nessun_segnale_esplicito,1
BPG RADIOCOMUNICAZIONI S.R.L,organization,org_srl,1
BRANDI SRL,organization,org_srl,1
BRESCIANI S,non_classificato,nessun_segnale_esplicito,1
BRESCIANI S.R.L.,organization,org_srl,3
BRICOFERRAMENTA DI MAURO RINALDI,non_classificato,nessun_segnale_esplicito,1
BROKERMAX S,non_classificato,nessun_segnale_esplicito,2
BROMOTIRRENA S.R.L.,organization,org_srl,1
BRUNEAU ITALIA SRL,organization,org_srl,1
BSISTEMI S.P.A.,organization,org_spa,1
BUREAU VERITAS ITALIA S.P.A,organization,org_spa,1
BUREAU VERITAS S.P.A,organization,org_spa,1
BURLANDI FRANCO S.R.L.,organization,org_srl,1
BUSINESS CHANGERS SRL,organization,org_srl,1
BUSINESS INTEGRATION PARTNERS,non_classificato,nessun_segnale_esplicito,1
BUTTERFLY TRANSPORT S.R.L.,organization,org_srl,1
BUTTERFLY TRANSPORT SRL,organization,org_srl,1
C A R T A M A C E R O S.R.L.,organization,org_srl,1
C&S CONSULENZA E SELEZIONE S.R.L,organization,org_srl,1
C-ENGINEERING S.R.L.,organization,org_srl,1
C.B.F. BALDUCCI S.P.A.,organization,org_spa,1
C.F.G. S.R.L,organization,org_srl,1
C.F.G. SRL,organization,org_srl,4
C.I.M.A.R. SOC. COOP.,organization,org_coop_abbrev,1
C.M.G. TESTING SRL,organization,org_srl,1
C.R. ENGINEERING AND ARCHITECTURE S.R.L,organization,org_srl,1
C.R.A. COSTRUZIONI DI REA CIRO,non_classificato,nessun_segnale_esplicito,1
C.R.C.M DI BOVINA CRISTINA,non_classificato,nessun_segnale_esplicito,1
C.S.M. 90 S.R.L,organization,org_srl,1
C.T.S. S.R.L.,organization,org_srl,2
C2” S.R.L,organization,org_srl,1
CA.RI. COSTRUZIONI S.R.L,organization,org_srl,1
CADI DEI F.LLI MILASI S.R.L.,organization,org_srl,1
CAIRORCS MEDIA S,non_classificato,nessun_segnale_esplicito,1
CALLIOPE SOCIETÀ COOPERATIVA,organization,org_cooperativa,1
CALOSI,non_classificato,nessun_segnale_esplicito,1
CALPOWER S.R.L,organization,org_srl,1
CAMPO DI GIOVE - TAGLIACOZZO AQ- CASERME CC - PAG I SAL,non_classificato,nessun_segnale_esplicito,1
CAMPUSTORE SRL,organization,org_srl,1
CANON SPA,organization,org_spa,1
CANU PIETRO,non_classificato,nessun_segnale_esplicito,1
CAPPELLO CLIMATERMICA S.R.L.,organization,org_srl,1
CAPRI ARCHITETTURA E PAESAGGIO,non_classificato,nessun_segnale_esplicito,1
CAPSULA SRL,organization,org_srl,1
CARMA S.R.L.,organization,org_srl,1
CARPENTERIE METALLICHE IURLARO,non_classificato,nessun_segnale_esplicito,2
CARTA & INCHIOSTRO SAS,organization,org_sas,1
CARTARIA VAL.BY S.R.L.,organization,org_srl,1
CARTO COPY SERVICE S.R.L. DI ROMA,organization,org_srl,1
CARTO COPY SERVICE SRL,organization,org_srl,1
CARTO COPY SERVICE SRL DI ROMA,organization,org_srl,1
CARTOIDEE DI CULTRARO VASTA GIUSEPPE SALVATORE,non_classificato,nessun_segnale_esplicito,1
CARTOLERIE INTERNAZIONALI SRL,organization,org_srl,1
CARTOLIBRERIA MANCINI SAS,organization,org_sas,1
CARUSO OTTAVIANO,non_classificato,nessun_segnale_esplicito,1
CASA EDITRICE TUNUÉ S.R.L.,organization,org_srl,1
CASALINI LIBRI S.P.A.,organization,org_spa,2
CASALINI LIBRI SPA,organization,org_spa,1
CASSA ASSIDIM,non_classificato,nessun_segnale_esplicito,1
CAST BOLZONELLA SRL,organization,org_srl,1
CAT SNC,organization,org_snc,1
CAVINA TERRA ARCHITETTI,non_classificato,nessun_segnale_esplicito,1
CBC SPECIALTY BEVERAGE,non_classificato,nessun_segnale_esplicito,1
CBIM,non_classificato,nessun_segnale_esplicito,1
CCG S.R.L.,organization,org_srl,2
CCG SRL È RISULTATO IL PIÙ CONVENIENTE,organization,org_srl,1
CEBI S.R.L,organization,org_srl,1
CEBI S.R.L. DI ROMA,organization,org_srl,1
CECCARANELLI S.R.L,organization,org_srl,1
CEDAR CONSULTING SRL,organization,org_srl,1
CEIA SPA,organization,org_spa,1
CEITECNO SRL,organization,org_srl,1
CELDES S.R.L.,organization,org_srl,1
CENFOR INTERNATIONAL S.R.L.,organization,org_srl,2
CENFOR INTERNATIONAL SRL,organization,org_srl,2
CENTRO ALIMENTARE FALCONI DI FALCONI FABIO,non_classificato,nessun_segnale_esplicito,1
CENTRO ALLARME MOLISE DI ANTONINO DI IORIO,non_classificato,nessun_segnale_esplicito,1
CENTRO BIOMEDICO S.C.A.R.L.,organization,org_scarl,1
CENTRO BIOMEDICO S.C.R.L.,organization,org_scrl,2
CENTRO FORNITURE SNC,organization,org_snc,1
CENTRO UFFICI SRL,organization,org_srl,2
CENTRO UFFICIO 2000 S.R.L.S,organization,org_srl,2
CERAMICHE ARTISTICHE GIANNINI DI GIANNINI LAURA PAOLA,non_classificato,nessun_segnale_esplicito,1
CERAMICHE SIMONETTI,non_classificato,nessun_segnale_esplicito,3
CESENA FIERA SRL,organization,org_srl,1
CHAIGEWAVE SRL,organization,org_srl,1
CHARTALAB DI SIMONA BUDASS,non_classificato,nessun_segnale_esplicito,1
"CHE HA INVIATO, IN DATA 8.4.2026 ALLO STESS",non_classificato,nessun_segnale_esplicito,1
CHI.MAR. DI MUCCELLI ANTONIO,non_classificato,nessun_segnale_esplicito,1
CHINNÌ DOMENICO,non_classificato,nessun_segnale_esplicito,1
CHIOMENTI STUDIO LEGALE,non_classificato,nessun_segnale_esplicito,2
CHIP SRL,organization,org_srl,1
CHIURLO TEC S.R.L,organization,org_srl,1
CHIURLO TEC SRL,organization,org_srl,1
CIANI CONSULENTI DI ADRIANO CIANI,non_classificato,nessun_segnale_esplicito,1
CIAVARRO GIANCARLO,non_classificato,nessun_segnale_esplicito,1
CIG B14AADA7BE - MESSA SICUREZZA IMPIANTI GDF AVEZZANO - PAG SALDO,non_classificato,nessun_segnale_esplicito,1
CIG B165167AEC,non_classificato,nessun_segnale_esplicito,1
CINQUEPASCAL S.R.L,organization,org_srl,1
CIPAR S.R.L.,organization,org_srl,1
CIPRIANI GRUPPI ELETTROGENI - VOLTIKA SRL,organization,org_srl,1
CISALPINA TOURS S.P.A. E SECONDO AGGIUDICATARIO ACI BLUETEAM S.P.A,organization,org_spa,1
CISALPINA TOURS S.P.A. MEDIANTE ADESIONE ALL'ACCORDO,organization,org_spa,1
CITA SECONDA SRL,organization,org_srl,1
CITTADINI DELL'ORDINE S.P.A,organization,org_spa,1
CL TRASLOCHI,non_classificato,nessun_segnale_esplicito,1
CLAUDIA PIGNATALE,non_classificato,nessun_segnale_esplicito,1
CLEAN PLANET COOPERATIVA SOCIALE,organization,org_cooperativa,1
CLEAN SERVICE SRL,organization,org_srl,2
CLIENTSIDE S,non_classificato,nessun_segnale_esplicito,1
CLIENTSIDE S.R.L.S.,organization,org_srl,1
CLIENTSIDE SRLS,organization,org_srl,1
CLIMATECNICA S.R.L.,organization,org_srl,1
CNIM S.R.L,organization,org_srl,1
CNIM S.R.L. IN RISPOSTA ALLA SUDDETTA TRATTATIVA,organization,org_srl,1
CO.EL SRL,organization,org_srl,1
CO.GEN.SER. SOCIETÀ COOPERATIVA,organization,org_cooperativa,1
CO.MI. S.R.L,organization,org_srl,1
CODARINI S,non_classificato,nessun_segnale_esplicito,1
COGEPO S.R.L.,organization,org_srl,1
COGEPO SRL,organization,org_srl,1
COLAROSS,non_classificato,nessun_segnale_esplicito,1
COLUCCI&PARTNERS ARCHITETTURA,non_classificato,nessun_segnale_esplicito,1
COM METODI S.P.A.,organization,org_spa,1
COM METODI SPA,organization,org_spa,1
COM METODI SPA.,organization,org_spa,1
COMIN & PARTNERS S,non_classificato,nessun_segnale_esplicito,1
COMIN & PARTNERS S.R.L.,organization,org_srl,1
COMIS SRL,organization,org_srl,1
COMPAGNIA ITALIANA ALLARMI CIAL S.R.L.,organization,org_srl,1
COMPANY’S ADVISORS S.R.L,organization,org_srl,2
COMPUTER ASS,non_classificato,nessun_segnale_esplicito,1
COMUNICARE ANCI COMUNICAZIONE ED EVENTI,non_classificato,nessun_segnale_esplicito,1
COMUNICARE – ANCI COMUNICAZIONE,non_classificato,nessun_segnale_esplicito,1
COMUNICARE – ANCI COMUNICAZIONE ED EVENTI S.R.L,organization,org_srl,1
CON IMPOSTE DI BOLLO A CARICO DELLO STESS,non_classificato,nessun_segnale_esplicito,1
CON PROPRIA MISS,non_classificato,nessun_segnale_esplicito,1
CON.FOR.SERVICE SRL,organization,org_srl,1
CON.GEO. S.R.L,organization,org_srl,1
CONFINDUSTRIA SERVIZI S.P.A.,organization,org_spa,1
CONSERVAZIONE E RESTAURO DIPINTI DI PUCCI SANDRA,non_classificato,nessun_segnale_esplicito,1
CONSIP S,non_classificato,nessun_segnale_esplicito,1
CONSORTIUM GARR,non_classificato,nessun_segnale_esplicito,1
CONSORZIO ARKE,organization,org_consortium,1
CONSORZIO GRUPPO EVENTI,organization,org_consortium,2
CONSORZIO INSTANT SERVICE SOCIETÀ CONSORTILE A R.L.,organization,org_consortium,1
CONSORZIO MEDIANETWORK,organization,org_consortium,1
CONSORZIO MEDITECH – MEDITERRANEAN COMPETENCE CENTRE 4 INNOV,organization,org_consortium,1
CONSORZIO STABILE CMF A PORZIONE DELLA SEDE DI VIA TOSCANA 12,organization,org_consortium,1
CONSORZIO STABILE ETERNITY SCARL,organization,org_scarl,1
CONSORZIO STABILE ETERNITY SOC,organization,org_consortium,1
CONSTANT CONTACT,non_classificato,nessun_segnale_esplicito,1
CONTACT S.R.L,organization,org_srl,1
CONTACT SRL,organization,org_srl,2
CONTECO CHECK S.R.L.,organization,org_srl,1
CONVERGE S.R.L,organization,org_srl,2
CONVERGE S.R.L. (P. IVA [IDENTIFICATIVO PRIVATO RIMOSSO]),organization,org_srl,2
CONVERGE SRL,organization,org_srl,1
COOPERATIVA SOCIALE PROD84,organization,org_cooperativa,1
COOPSERVICE S.COOP.P.A.,non_classificato,nessun_segnale_esplicito,1
COPIATURA S.R.L.,organization,org_srl,1
COPIONE S.R.L.,organization,org_srl,1
COPY TEL SERVICE SRL,organization,org_srl,1
CORPO VIGILI GIURATI SPA,organization,org_spa,1
CORRIDI SRL,organization,org_srl,1
COSMOPOL S.P.A.,organization,org_spa,1
COSTANZA GIULIANI,non_classificato,nessun_segnale_esplicito,1
COSTITUENDO RTI TRA LA BV TECH S.P.A,organization,org_spa,1
COSTRUIRE ENERGIE SRL UNIPERSONALE,organization,org_srl,1
COSTRUZIONI METALLICHE S.R.L,organization,org_srl,1
COTTO E MANGIATO DI TIZIANA RADICCHI,non_classificato,nessun_segnale_esplicito,2
CR8 ARREDI SRLS,organization,org_srl,1
CREA INFORMATICA SRL,organization,org_srl,1
CRIBIS D&B S.R.L,organization,org_srl,1
CRINALI S.R.L,organization,org_srl,1
CRISTEA DECORATION DI CRISTEA ALIN,non_classificato,nessun_segnale_esplicito,1
CRISTOFORO SAPIENZA,non_classificato,nessun_segnale_esplicito,1
CROCE ROSSA ITALIANA MUNICIPI 8 -11-12 ODV,non_classificato,nessun_segnale_esplicito,1
CROWN WORLD WIDE SRL,organization,org_srl,1
CS DISTRIBUTION S.R.L.S,organization,org_srl,1
CS DISTRIBUTION SRLS,organization,org_srl,1
CSA SOCIETA CONSORTILE PER AZIONI,organization,org_societa_generica,1
CSE ED IL CSP A,non_classificato,nessun_segnale_esplicito,1
CTS S.R.L,organization,org_srl,1
CULTURALPE SOCIETÀ COOPERATIVA,organization,org_cooperativa,1
CULTURE VISION S.R.L.,organization,org_srl,1
CUP D32F25000700001,non_classificato,nessun_segnale_esplicito,1
CUP D38C25000180001,non_classificato,nessun_segnale_esplicito,1
CUP D62F25000320001,non_classificato,nessun_segnale_esplicito,1
CYBER-BEE S.R.L.,organization,org_srl,1
D'AMORE ROSAMARIA,non_classificato,nessun_segnale_esplicito,1
D.A.BI.MUS. S.R.L.,organization,org_srl,1
D.LA.R.C. - UNIVERSITÀ DEGLI STUDI DI NAPOLI FEDERICO II,non_classificato,nessun_segnale_esplicito,1
D.M. IMPIANTI S.R.L.S,organization,org_srl,1
D.P.I. S.R.L,organization,org_srl,1
D.SSA SILVIA CHECCHIA,non_classificato,nessun_segnale_esplicito,1
DA ALTRO FORNITORE,non_classificato,nessun_segnale_esplicito,2
DABSTER TECNOLOGY S.R.L.,organization,org_srl,1
DAGO ELETTRONICA SRL,organization,org_srl,1
DANAE PROJECT S,non_classificato,nessun_segnale_esplicito,1
DANIELE CAMARDELLA,non_classificato,nessun_segnale_esplicito,1
DANIELE FEBBRARO,non_classificato,nessun_segnale_esplicito,1
DASTOR S.R.L.,organization,org_srl,1
DATA STAMPA S.R.L,organization,org_srl,1
DATA STAMPA S.R.L.,organization,org_srl,2
DAVIS & CO. SNC,organization,org_snc,1
DAY RISTOSERVICE S.P.A.,organization,org_spa,1
DAY RISTOSERVICE SPA SOCIETA' BENEFIT,organization,org_spa,1
DE MARINIS S.R.L.,organization,org_srl,1
DE VELLIS SERVIZI GLOBALI S.R.L,organization,org_srl,1
DE VIDO IMPIANTI S.R.L.,organization,org_srl,1
DE.DA UFFICIO SRL,organization,org_srl,1
DEALER INFORMATICA SRL,organization,org_srl,3
DECA S.R.L.,organization,org_srl,1
DECIBEL S.R.L,organization,org_srl,1
DEDA NEXT,non_classificato,nessun_segnale_esplicito,2
DEDA NEXT S.R.L,organization,org_srl,1
DEFILIPPO ILARIA,non_classificato,nessun_segnale_esplicito,1
DEGI S.R.L,organization,org_srl,1
"DEL SERVIZIO, MILLE SERVIZI SRL",organization,org_srl,1
"DEL SERVIZIO, TECHNOLOGIES 2000 SRL",organization,org_srl,1
DELL’OE FARMADATI ITALIA S.R,non_classificato,nessun_segnale_esplicito,1
DELL’OE FASTWEB,non_classificato,nessun_segnale_esplicito,1
"DELL’OE TD GROUP ITALIA S.R.L., AVENTE AD OGGETTO LA FORNITURA, PER 12",organization,org_srl,1
DELO INSTRUMENTS,non_classificato,nessun_segnale_esplicito,1
DELO INSTRUMENTS S.R.L.,organization,org_srl,2
DELO INSTRUMENTS SRL,organization,org_srl,4
DELOITTE & TOUCHE S.P.A.,organization,org_spa,1
DELTA S,non_classificato,nessun_segnale_esplicito,2
DELTA SERVICE SRL,organization,org_srl,2
DELTA SYSTEM S.R.L,organization,org_srl,1
DELTA SYSTEM S.R.L.,organization,org_srl,1
DELTA SYSTEM S.R.L. RISULTA ABILITATO SUL,organization,org_srl,1
DEMETRA CATERING SRLS,organization,org_srl,1
DEMOPOLIS SRL,organization,org_srl,1
DEPA IMPIANTI S.R.L.,organization,org_srl,3
DESCOR S.R.L.,organization,org_srl,1
DETERCARTA DI ALESSANDRO SCUNDI,non_classificato,nessun_segnale_esplicito,1
DEVAID LTD,non_classificato,nessun_segnale_esplicito,1
DF MULTISERVICE SRL,organization,org_srl,1
DI 15 MESI CON IL RTI AGGIUDICATARIO DEL LOTTO 2 FORMATO DA HSPI S.P.A,organization,org_spa,8
DI INGEGNERIA AIR3 S.R.L.,organization,org_srl,1
DI LAURO VINCENZO,non_classificato,nessun_segnale_esplicito,2
DI MAURO ASCENSORI S.R.L.,organization,org_srl,1
DI.GI.LAVORI SRL,organization,org_srl,1
DIEFFE IMPIANTI S.R.L,organization,org_srl,2
DIFFUSIONE SERRAMENTI,non_classificato,nessun_segnale_esplicito,1
DIGITAL ART DIRECTOR ALESS,non_classificato,nessun_segnale_esplicito,1
DIGITAL IMPRESSIONS,non_classificato,nessun_segnale_esplicito,1
DIGITAL POINT DI GASPA,non_classificato,nessun_segnale_esplicito,1
DIGITAL PUBLISHING SRL,organization,org_srl,1
DIGITAL SERVICE DI DE STEFANO SANTO,non_classificato,nessun_segnale_esplicito,1
DIGITALIA 08 SR,non_classificato,nessun_segnale_esplicito,1
DIGITALPA S.R.L.,organization,org_srl,1
DIGITALWAY S.A.S.,organization,org_sas,1
DIGITOUCH TECHNOLOGIES SRL,organization,org_srl,1
DIMENSIONE SICUREZZA S.R.L.,organization,org_srl,1
DIMENSIONE UFFICIO S.R.L.,organization,org_srl,1
DIMENSIONE VERDE UNO,non_classificato,nessun_segnale_esplicito,1
DINAMICA STUDIO S.R.L.,organization,org_srl,1
DINI S.R.L.,organization,org_srl,1
DINI SRL,organization,org_srl,1
DIONISI ANTONELLO,non_classificato,nessun_segnale_esplicito,1
DITTA ANTINCENDIO RIGGIO,organization,org_ditta_impresa,1
DITTA CHINNÌ DOMENICO,organization,org_ditta_impresa,1
DITTA DELO INSTRUMENTS,organization,org_ditta_impresa,1
DITTA ELETTROPALCO,organization,org_ditta_impresa,2
DITTA FRANCESCO FRAGOMENENI,organization,org_ditta_impresa,1
DITTA GIUNTA CAR SERVICE,organization,org_ditta_impresa,1
DITTA GS SYSTEM DI SURACE GIUSEPPE,organization,org_ditta_impresa,1
DITTA MARSIC,organization,org_ditta_impresa,1
DITTA NUVOLAPOINT DI FLAJAS ALESSANDRO,organization,org_ditta_impresa,1
DITTA PUBLIEDIT DI ALESSANDRO TRIPODI,organization,org_ditta_impresa,1
DITTA SERRA ANTONIO,organization,org_ditta_impresa,1
DIVISOZERO SRL IN DATA 23/01/2026,organization,org_srl,1
DM CULTURA,non_classificato,nessun_segnale_esplicito,1
DMTC SRL,organization,org_srl,1
DONATO PINEIDER,non_classificato,nessun_segnale_esplicito,1
DOS SRL,organization,org_srl,1
DOT BEYOND S.R.L.,organization,org_srl,2
DOTT,person,per_dott,1
DOTT. AGR. MASSIMO MOCIONI,person,per_dott,1
DOTT. ALESSANDRO PARISI,person,per_dott,1
DOTT. ALFONSO CIARLO,person,per_dott,1
DOTT. ANGELO CUCINOTTA,person,per_dott,4
DOTT. ANTONIO BIANCO,person,per_dott,1
DOTT. LEONARDO BERTINI,person,per_dott,1
DOTT. MASSIMILI,person,per_dott,1
DOTT. MASSIMILIANO MICHELETTI,person,per_dott,1
DOTT. MICHELE MATTIOLI,person,per_dott,1
DOTT. PAOLO RAIMONDI,person,per_dott,1
DOTT. PIERO PIERI,person,per_dott,1
DOTT. ROBERTO MONTICELLI,person,per_dott,1
DOTT. SERGIO MILLO,person,per_dott,1
DOTT. TADDEO ANGELO,person,per_dott,1
DOTT.SS,non_classificato,nessun_segnale_esplicito,2
DOTT.SSA ADELISA MAIO,person,per_dott,1
DOTT.SSA ALBERTA SPREFICO,person,per_dott,1
DOTT.SSA ALESSANDRA ALESSANDRO,person,per_dott,8
DOTT.SSA ALESSIA FORTUNATA LO CASCIO,person,per_dott,1
DOTT.SSA ALICE BORGHINI,person,per_dott,2
DOTT.SSA ANTONIETTA DE ANGELIS,person,per_dott,1
DOTT.SSA ANTONIETTA GUERRIERI,person,per_dott,2
DOTT.SSA CHIARA FOTI,person,per_dott,1
DOTT.SSA DANIELA BALDELLI,person,per_dott,1
DOTT.SSA ELISA CANZI,person,per_dott,1
DOTT.SSA EUGENIA BIGNARDELLI,person,per_dott,1
DOTT.SSA FEDERICA MATTIO,person,per_dott,1
DOTT.SSA LOREDANA MARTINI,person,per_dott,1
DOTT.SSA LORENA MARTINI,person,per_dott,2
DOTT.SSA MANUELA TAMBURO,person,per_dott,1
DOTT.SSA MARIA GRAZIA,person,per_dott,3
DOTT.SSA MARIA PIA,person,per_dott,2
DOTT.SSA PATRIZIA BRIGONI,person,per_dott,2
DOTT.SSA RAFFAELLA CUGINI,person,per_dott,20
DOTT.SSA ROBERTA RONCO,person,per_dott,1
DOTT.SSA TIZIANA MAOLA,person,per_dott,1
DOTT.SSA VALERIA SPOSATO,person,per_dott,2
DOVRÀ ASS,non_classificato,nessun_segnale_esplicito,1
DPS INFORMATICA S.N.C.,organization,org_snc,3
DPS INFORMATICA SNC,organization,org_snc,3
DS TECH S,non_classificato,nessun_segnale_esplicito,2
DSMATIC S.P.A.,organization,org_spa,1
DUBINI S.R.L.,organization,org_srl,1
DUSSMANN SERVICE SRL,organization,org_srl,1
DYNETECH SRL,organization,org_srl,1
E ENGINEERING SRL,organization,org_srl,1
E VALUE S.R.L.,organization,org_srl,1
E-BAG S.R.L.,organization,org_srl,1
E-TIME S.R.L. UNA NUOVA,organization,org_srl,1
E. P. SERVIZI SRL,organization,org_srl,1
E.E.G. S.R.L,organization,org_srl,1
E.G.B. EDIZIONI GIURIDICHE BUTTITTA DI VALERIA BUTTITTA,non_classificato,nessun_segnale_esplicito,3
E.RI. SIST S.R.L.,organization,org_srl,1
EARTH DAY 22 S.R.L.,organization,org_srl,1
EASY TECH S.R.L.,organization,org_srl,2
EASYTECH S.R.L.,organization,org_srl,1
EASYTECH SRL,organization,org_srl,3
EBSCO INFORMATION SERVICE SRL,organization,org_srl,2
EBSCO INFORMATION SERVICES S.R.L.,organization,org_srl,6
EBSCO INFORMATION SERVICES SRL,organization,org_srl,1
ECISTA SRL.,organization,org_srl,1
ECO CERTIFICAZIONI S.P.A.,organization,org_spa,1
ECO DESIGN S.R.L,organization,org_srl,4
ECO ONE S.R.L.,organization,org_srl,1
ECOCLEANER S.A.S.,organization,org_sas,1
ECOGROUP S.R.L.,organization,org_srl,1
ECONOMIA D’IMPRESA S,organization,org_ditta_impresa,1
ECOTEAM S.R.L.,organization,org_srl,2
ECOTECH IMPIANTI S.R.L.,organization,org_srl,1
EDIGUIDA S.R.L.,organization,org_srl,1
EDIL,non_classificato,nessun_segnale_esplicito,1
EDIL ANDREA & CO. S.R.L.S,organization,org_srl,1
EDIL. GROUP S.R.L.,organization,org_srl,1
EDILBONACCORSO S.R.L,organization,org_srl,1
EDILCAVALLI SRL,organization,org_srl,1
EDILIZIA ACROBATICA SPA,organization,org_spa,1
EDILRES S.R.L,organization,org_srl,1
EDILRESTAURI S.R.L.,organization,org_srl,1
EDILSERVIZI S.R.L,organization,org_srl,1
EDINO BACECCI SRL,organization,org_srl,1
EDISON ENERGIA,non_classificato,nessun_segnale_esplicito,1
EDIST ENGINEERING SRL,organization,org_srl,1
EDITRICE ALLEMANDI,non_classificato,nessun_segnale_esplicito,2
EDITRICE IL MULINO SPA,organization,org_spa,1
EDIZIONI QUASAR S.R.L,organization,org_srl,1
EFFE ERRE CONGRESSI S.R.L,organization,org_srl,1
EFFEBI SRL,organization,org_srl,1
EFFENOVE S.R.L,organization,org_srl,1
EGAF EDIZIONI SRL,organization,org_srl,1
EGIDA SERVIZI INTEGRATI S.R.L.,organization,org_srl,1
EIS SRL,organization,org_srl,1
EL MERCURIO SAP,non_classificato,nessun_segnale_esplicito,1
EL SALMÓN EVENTOS,non_classificato,nessun_segnale_esplicito,1
ELECTA SPA,organization,org_spa,1
ELECTRA TELECOMMUNICATIONS SRLS,organization,org_srl,1
ELECTRONIC MARKET GROUP SRL,organization,org_srl,1
ELESUD S.P.A.,organization,org_spa,1
ELETTROCOLLI SRL.,organization,org_srl,1
ELETTROPALCO DI PALCO FRANCESCO,non_classificato,nessun_segnale_esplicito,1
ELETTROSERVIZI,non_classificato,nessun_segnale_esplicito,1
ELIOGRAFIA NICOLAIS S.A.S.,organization,org_sas,1
ELLESS,non_classificato,nessun_segnale_esplicito,1
ELTIME,non_classificato,nessun_segnale_esplicito,1
ELTIME S.P.A.,organization,org_spa,1
ELTIME SRL,organization,org_srl,1
EM ALLESTIMENTI S,non_classificato,nessun_segnale_esplicito,1
EMMEGI SRL,organization,org_srl,1
ENCAN S.R.L.,organization,org_srl,1
ENDEKA OFFICE S.R.L.,organization,org_srl,1
ENEXT S.R.L,organization,org_srl,1
ENGIE SERVIZI SRL,organization,org_srl,1
ENGINEERING D.HUB SPA,organization,org_spa,1
ENGINEERING INGEGNERIA,non_classificato,nessun_segnale_esplicito,1
ENGLISH QUALIFICATION SERVICES,non_classificato,nessun_segnale_esplicito,1
ENIT S.P.A,organization,org_spa,1
ENRICO PIETROSANTI,non_classificato,nessun_segnale_esplicito,3
ENVIROWARE S.R.L.,organization,org_srl,1
EP EVENTI SRLS,organization,org_srl,2
EPAS S.R.L.,organization,org_srl,1
ERA ENGINEERING S.R.L.,organization,org_srl,1
EREDI DI MARCONI GIUSEPPE,non_classificato,nessun_segnale_esplicito,1
EREDI NANNONI DI CRISTIAN CECCANTI FOTOGRAFO,non_classificato,nessun_segnale_esplicito,1
ERREBIAN,non_classificato,nessun_segnale_esplicito,1
ERREBIAN S.P.A,organization,org_spa,3
ERREBIAN S.P.A.,organization,org_spa,1
ERREBIAN SPA,organization,org_spa,5
ERSANTECH SRLS,organization,org_srl,1
ESH CONSULTING LLC,non_classificato,nessun_segnale_esplicito,1
ESRI ITALIA S.P.A. PER L’ACQUISTO LICENZA ANNUALE ARCGIS ONLINE,organization,org_spa,1
ESSEPIEMME SERVIZI S.R.L.,organization,org_srl,1
EUKINETICA SOCIETA' BENEFIT S.R.L,organization,org_srl,1
EULOGIC NT S.P.A.,organization,org_spa,1
EURO CANTIERI SRL,organization,org_srl,1
EUROCERT S.P.A.,organization,org_spa,1
EUROFORNITURE SRL,organization,org_srl,1
EUROGLOBAL SOC. COOP,non_classificato,nessun_segnale_esplicito,3
EUROIMPIANTI SRL.,organization,org_srl,1
EUROME S.R.L.,organization,org_srl,1
EUROPA FERRAMENTA SRL,organization,org_srl,1
EUROPEAN ENGINEERING - CONSORZIO STABILE DI INGEGNERIA,organization,org_consortium,1
EUROSON NEW S.A.S. DI GENTILE SALVATORE & C.,organization,org_sas,1
EUROTRAD S.R.L,organization,org_srl,1
EURTIMBRI DI GERACI STEFANIA,non_classificato,nessun_segnale_esplicito,2
EVA GROUP,non_classificato,nessun_segnale_esplicito,1
EVA NOLO S,non_classificato,nessun_segnale_esplicito,2
EVERGREEN 1 SRL,organization,org_srl,1
EVIN S.R.L,organization,org_srl,1
EVOLVE S.R.L. A SOCIO UNICO,organization,org_srl,1
EXIBARTLAB S,non_classificato,nessun_segnale_esplicito,2
EXPERIAN INFORMATION,non_classificato,nessun_segnale_esplicito,1
EXPERT CARBONE SRL,organization,org_srl,1
EXPLUS SRLS,organization,org_srl,1
EXPORT COMPLIANCE CONSULTING S.R.L.,organization,org_srl,2
EXTRAICE S.L.,non_classificato,nessun_segnale_esplicito,1
EY ADVISORY S.P.A.,organization,org_spa,1
F.A.T.A. S.R.L.,organization,org_srl,1
F.I.T. DI ARMANDO DI ROMA & C. S.A.S,organization,org_sas,1
F.LLI FIORE S.R.L.,organization,org_srl,1
F.M. INFISS,non_classificato,nessun_segnale_esplicito,1
F.M.&C. S.R.L.S,organization,org_srl,1
FAB 4 S.R.L.,organization,org_srl,1
FABIO MADILE,non_classificato,nessun_segnale_esplicito,1
FABIO MASSARRONI,non_classificato,nessun_segnale_esplicito,1
FABRIZI AURELIO SRL,organization,org_srl,1
FACAU CANCELLERIA SRL,organization,org_srl,2
FADEL CREA,non_classificato,nessun_segnale_esplicito,1
FAGGIONATO ROBERTO D.I.,non_classificato,nessun_segnale_esplicito,1
FALEGNAMERIA ARKADIUSZ,non_classificato,nessun_segnale_esplicito,1
FALEGNAMERIA F.LLI RUBICONDO SRL,organization,org_srl,1
FANIZZA GROUP SRL,organization,org_srl,1
FARMACIA FUSCO ALDO,non_classificato,nessun_segnale_esplicito,1
FARMACIA GIUBILATO GABRIELLA G.,non_classificato,nessun_segnale_esplicito,1
FASESTORE S.R.L.,organization,org_srl,2
FAST COFFEE DI LUCIANO DI MARIO,non_classificato,nessun_segnale_esplicito,3
FAST ELETTRONICA ITALIANA S.P.A,organization,org_spa,1
FASTWEB S.P.A.,organization,org_spa,3
FCA FLEET & TENDERS S.R.L,organization,org_srl,1
FEDERICA MATTIO,non_classificato,nessun_segnale_esplicito,1
FEI ITALIA S.R.L,organization,org_srl,1
FEL COSTRUZIONI S.R.L.,organization,org_srl,1
FELIZIANI ITALO S.R.L.U.,organization,org_srl,1
FENICE DISTRIBUZIONE S.R.L.,organization,org_srl,1
FERRAMENTA CRUZ S.N.C,organization,org_snc,1
FERRAMENTA MESSINA,non_classificato,nessun_segnale_esplicito,1
FERRAMENTA ROMA NORD DI ALBERICI ANNA,non_classificato,nessun_segnale_esplicito,1
FERRANTE ADA S.R.L.S,organization,org_srl,2
FERRARA EXPO S.R.L.,organization,org_srl,1
FERRETTO GROUP S.P.A,organization,org_spa,1
FERT PORTUENSE,non_classificato,nessun_segnale_esplicito,1
FERT SRL,organization,org_srl,1
FIERA DI ROMA,non_classificato,nessun_segnale_esplicito,1
FILROUGE S.R.L,organization,org_srl,1
FINBUC SRL,organization,org_srl,1
FINBUC” S.R.L,organization,org_srl,1
FIORINI IMPIANTI GROUP SRL,organization,org_srl,6
FIRENZE FIERA SPA,organization,org_spa,1
FIRENZE SPURGHI S.R.L.,organization,org_srl,1
FLEURBIT S.R.L.S,organization,org_srl,1
FLEX INTERNATIONAL CO,non_classificato,nessun_segnale_esplicito,1
FM EXHIBIT LLC,non_classificato,nessun_segnale_esplicito,1
FONDAZIONE ALDINI VALERIANI,organization,org_fondazione,1
FONDAZIONE GAZZETTA AMMINISTRATIVA,organization,org_fondazione,1
FONDAZIONE GAZZETTA AMMINISTRATIVA DELLA REPUBBLICA ITALIANA,organization,org_fondazione,1
FONDAZIONE LIBELLULA IMPRESA SOCIALE,organization,org_fondazione,1
FONDAZIONE UNIVERSITARIA TOR VERGATA,organization,org_fondazione,2
FONTI ALESSANDRO PARTI,non_classificato,nessun_segnale_esplicito,1
FOOD SERVICE SRL,organization,org_srl,1
FOREST MEDIA CO,non_classificato,nessun_segnale_esplicito,1
FORMEZ PA,non_classificato,nessun_segnale_esplicito,2
FORNITURE D'UFFICIO DI GENNARO SANTORO,non_classificato,nessun_segnale_esplicito,1
FORWARD S.R.L,organization,org_srl,1
FOTORENT S,non_classificato,nessun_segnale_esplicito,1
FP VIGILANZA ITALIA,non_classificato,nessun_segnale_esplicito,1
FPA S.R.L,organization,org_srl,1
FPA S.R.L.,organization,org_srl,2
FPA S.R.L. A SOCIO UNICO,organization,org_srl,1
FPA S.R.L. DA OLTRE 30 ANNI,organization,org_srl,1
FRAMA DI MALASPINA MIRKO,non_classificato,nessun_segnale_esplicito,1
FRANCESCO CARLINI,non_classificato,nessun_segnale_esplicito,1
FRANCESCO DEI F.LLI CARA SRL,organization,org_srl,1
FRANCESCO DI IULLIO,non_classificato,nessun_segnale_esplicito,1
FRANCIGENA SERVICE SRL,organization,org_srl,1
FRATELLI GIONTECCHI MATELICA FGM SRL,organization,org_srl,1
FREEDOM S.R.L,organization,org_srl,1
FULLGADGETS S.R.L.,organization,org_srl,1
FUMAROLA LEONARDO,non_classificato,nessun_segnale_esplicito,1
FUTURA SERVICE S.R.L,organization,org_srl,1
FUTURA TECHNOLOGIES S.R.L.,organization,org_srl,1
FUTURA UNIFORM S.R.L.,organization,org_srl,1
G E V SERVICE,non_classificato,nessun_segnale_esplicito,1
G. NUNNERI PIANOFORTI S.A.S.,organization,org_sas,1
G.C.B. COSTRUZIONI SRL,organization,org_srl,1
G.D.P. SERVICE DI MARANGELLI ROCCO & C. SNC,organization,org_snc,1
G.M. SERVIZI PICCOLA SOCIETÀ COOPERATIVA,organization,org_cooperativa,1
G.M. SRL,organization,org_srl,1
GA SERVICE SRL,organization,org_srl,1
GA SERVICE SRL PER L’IMPORTO DI EURO 471,organization,org_srl,1
GA.MI. IMPIANTI SRL,organization,org_srl,3
GAESCO S.R.L. (P.I. 07398390968) CON SEDE LEGALE IN VIA BERNARDO QUARANTA 40 – 20139 – MILANO,organization,org_srl,1
GAIA,non_classificato,nessun_segnale_esplicito,1
GAIA SCHIAVINOTTO,non_classificato,nessun_segnale_esplicito,1
GALADINI & C. S.R.L,organization,org_srl,1
GAM ENGINEERING - SOCIETA' A RESPONSABILITA' LIMITATA,organization,org_societa_generica,2
GAP S,non_classificato,nessun_segnale_esplicito,1
GARAGE SANI SNC,organization,org_snc,1
GAULT ET MILLAU,non_classificato,nessun_segnale_esplicito,1
GB BARBERI,non_classificato,nessun_segnale_esplicito,1
GB BARBERI S.R.L.,organization,org_srl,2
GB BARBERI SRL,organization,org_srl,3
GD SERVICE S.R.L. SEMPLIFICATA,organization,org_srl,1
GEA S.R.L. PER L’IMPORTO DI € 3.921,organization,org_srl,1
GECO S.R.L.,organization,org_srl,2
GENERAL COMPUTER ITALIA S.P.A,organization,org_spa,1
GENERAL COSTRUZIONI 89 S.R.L.,organization,org_srl,1
GENERAL DEFENCE S.R.L,organization,org_srl,2
GENERALI ITALIA S.P.A.,organization,org_spa,1
GENESI SRL,organization,org_srl,1
GENNARI & CONTI INGEGNERIA S.R.L.,organization,org_srl,1
GEOATLAS SRL,organization,org_srl,1
GEOPROJECT SRL,organization,org_srl,1
GEOTECHNOLOGY SRL,organization,org_srl,1
GETEC ITALIA SPA,organization,org_spa,2
GGG SPA,organization,org_spa,1
GHETTI MULTISERVICE SRL,organization,org_srl,1
GHIANDA EVENTI SRL,organization,org_srl,1
GHIORI DI CLAUDIO GHIORI & C. SAS,organization,org_sas,1
GHIORI S.A.S.,organization,org_sas,1
GIANFRANCO MILANESE,non_classificato,nessun_segnale_esplicito,1
GIANLUCA NOVELLI DITTA INDIVIDUALE,organization,org_ditta_impresa,1
GIANNA MAGGI –,non_classificato,nessun_segnale_esplicito,2
GIANNI MASSIMO,non_classificato,nessun_segnale_esplicito,2
GIANNI RIZZO,non_classificato,nessun_segnale_esplicito,1
GIANNONE COMPUTERS S.R.L,organization,org_srl,1
GIANNONE COMPUTERS SRL,organization,org_srl,2
GIARI ARREDAMENTI S.R.L.,organization,org_srl,1
GIEMME SRL,organization,org_srl,1
GIGI EVENTS S,non_classificato,nessun_segnale_esplicito,2
GINO LUGLI SRL,organization,org_srl,1
GIORDANO S.R.L.,organization,org_srl,1
GIOVANNI DE ANGELIS,non_classificato,nessun_segnale_esplicito,1
GIOVANNI PICCOLINO BONIFORTI,non_classificato,nessun_segnale_esplicito,1
GIUFFRÈ AGENZIA DI ROMA,non_classificato,nessun_segnale_esplicito,2
GIUFFRÈ FRANCIS LEFEBVRE” S.P.A,organization,org_spa,2
GIULIO RAIMO SRL,organization,org_srl,1
GIUNTI EDITORE S.P.A.,organization,org_spa,1
GIUNTI PSYCHOMETRICS ITALIA,non_classificato,nessun_segnale_esplicito,1
GIUNTI PSYCOMETRICS ITALIA S.R.L,organization,org_srl,2
GIUNTI PSYCOMETRICS SRL HA PRESENTATO L’OFFERTA PARI A € 12.600,organization,org_srl,1
GIUSEPPE MALLARDO,non_classificato,nessun_segnale_esplicito,1
GL ASSOCIATES S.R.L,organization,org_srl,1
GL ASSOCIATES SRL,organization,org_srl,1
GLOBAL EXPRESS SRL,organization,org_srl,1
GLOBAL MULTISERVICE ITALY S.R.L.,organization,org_srl,2
GLOBAL SECURITY AGENCY,non_classificato,nessun_segnale_esplicito,1
GLOBO SERVICE SRL,organization,org_srl,1
GMS MED SRL,organization,org_srl,1
GO.MA SOCIETÀ,non_classificato,nessun_segnale_esplicito,1
GOFLUENT SRL,organization,org_srl,1
GPS SERVIZI PER LA FORMAZIONE SRL,organization,org_srl,1
GR MEDICAL S.R.L.,organization,org_srl,1
GR STAMPA SRLS,organization,org_srl,1
GRAFICA ISERNINA S.R.L.,organization,org_srl,1
GRAFIKART SRL,organization,org_srl,1
GRAFITEC SRL,organization,org_srl,1
GRAMAGLIA & C. SRL,organization,org_srl,1
"GRANDI STAZIONI RETAIL S.P.A. – P. IVA 13925511001 – VIA GIOVANNI GIOLITTI 34, 00185 ROMA",organization,org_spa,1
GREEENTECH S.R.L. MEDIANTE TRATTATIVA DIRETTA CON LA STESSA IMPRESA,organization,org_srl,1
GREEN STAR S.R.L.,organization,org_srl,1
GREVI UFFICIO SRLS,organization,org_srl,1
GRG INDUSTRIALS SRL,organization,org_srl,1
GRIMALDI IMPIANTI SRL AVENTE SEDE IN,organization,org_srl,1
GROVE SOFTWARE,non_classificato,nessun_segnale_esplicito,1
GRUOSS,non_classificato,nessun_segnale_esplicito,1
GRUPPO DREAM S.R.L.,organization,org_srl,1
GRUPPO ECF SPA,organization,org_spa,1
GRUPPO GALAGANT S.R.L.,organization,org_srl,3
GRUPPO GIODICART S.R.L.,organization,org_srl,1
GRUPPO SAMIR GLOBAL SERVICE SRL,organization,org_srl,1
GTSERVICE DI BARBATO ANGEL ANTONIO,non_classificato,nessun_segnale_esplicito,1
GUERRI S.R.L,organization,org_srl,1
GUERRI SRL IN RISPOSTA ALLA TRATTATIVA MEPA N. 6053059,organization,org_srl,1
GUIUFFRE' FRANCIS LEFEBRVRE SPA,organization,org_spa,1
H.C. HOSPITAL CONSULTING SOCIETÀ PER AZIONI,organization,org_societa_generica,1
HA AUTOCERTIFICATO IL POSS,non_classificato,nessun_segnale_esplicito,1
HA EFFETTUATO UN RIBASS,non_classificato,nessun_segnale_esplicito,1
HADA EVENTI S.R.L.,organization,org_srl,1
HELVETIA COMPAGNIA SVIZZERA,non_classificato,nessun_segnale_esplicito,1
HENOTO USA,non_classificato,nessun_segnale_esplicito,1
HERA COMM,non_classificato,nessun_segnale_esplicito,1
HEXAGONES,non_classificato,nessun_segnale_esplicito,1
HF4 S,non_classificato,nessun_segnale_esplicito,1
HIBOU SOCIETÀ COOPERATIVA,organization,org_cooperativa,1
HIQ SOLUTIONS S.R.L,organization,org_srl,2
HITECH DISTRIBUZIONE INFORMATICA SRL,organization,org_srl,1
HITRACH,non_classificato,nessun_segnale_esplicito,1
HOME HAPPENING 2000 S.R.L.,organization,org_srl,1
HOMERUN ENERGY S.R.L.,organization,org_srl,1
HORECANDO SRL,organization,org_srl,1
HORIZONS UNLIMITED H.U. S.P.A.,organization,org_spa,1
HORUS TECHNOLOGIES S.R.L,organization,org_srl,1
HOTEL PLAZA ATHÉNÉE,non_classificato,nessun_segnale_esplicito,1
HUY TRUNG CO,non_classificato,nessun_segnale_esplicito,1
HYPERBOREA SRL,organization,org_srl,1
I DEDALI - RESTAURI DI ANDREA GERI,non_classificato,nessun_segnale_esplicito,1
I STRALCIO - PAG I QUOTA,non_classificato,nessun_segnale_esplicito,1
I&C S.R.L,organization,org_srl,1
I.G.A. STUDIO ASS,non_classificato,nessun_segnale_esplicito,1
I.M.I.T.I.C.A. SR,non_classificato,nessun_segnale_esplicito,1
I.TEC S.R.L.,organization,org_srl,1
IACOBONI MAURO,non_classificato,nessun_segnale_esplicito,2
IBM ITALIA S.P.A,organization,org_spa,1
ICG S.R.L,organization,org_srl,1
ICOVER ISTITUTO COLLAUDI E VERIFICHE S.P.A.,organization,org_spa,2
ICR IMPIANTI E COSTRUZIONI S.R.L,organization,org_srl,1
ICR S.P.A,organization,org_spa,1
ICT LEGAL CONSULTING - STUDIO LEGALE ASSOCIATO BALBONI,non_classificato,nessun_segnale_esplicito,1
IDEA IT,non_classificato,nessun_segnale_esplicito,1
IDEALSERVICES SOC.COOP,non_classificato,nessun_segnale_esplicito,1
IDONEO,non_classificato,nessun_segnale_esplicito,1
IDRO SERVICCE,non_classificato,nessun_segnale_esplicito,1
IDROSERVICE GROUP S.R.L.S.,organization,org_srl,1
IDROTERMICA PG S.R.L.,organization,org_srl,1
IG ITALIA SRLS,organization,org_srl,2
IGP DECAUX S,non_classificato,nessun_segnale_esplicito,3
IGPDECAUX SPA,organization,org_spa,1
IL FERRO BATTUTO DI SIGNORINI FRANCESCO,non_classificato,nessun_segnale_esplicito,1
IL FOGLIO QUOTIDIANO SOCIETA' COOPERATIVA,organization,org_cooperativa,1
IL GLOBO VIGILANZA SRL,organization,org_srl,2
ILDER BERTANI (BIEMME STUDIO,non_classificato,nessun_segnale_esplicito,1
IMAR ITALIA SRL,organization,org_srl,1
IMEC SERVICE SRL,organization,org_srl,5
IMECO S,non_classificato,nessun_segnale_esplicito,1
IMPIANTI ELETTRICI LU.MI S.R.L.,organization,org_srl,1
IMPIANTISTICA TRIESTINA DI SVETINA IGOR,non_classificato,nessun_segnale_esplicito,1
IMPRESA INDIVIDUALE DOTT.SS,organization,org_ditta_impresa,1
IMQ SPA,organization,org_spa,1
IN FASE DI RICHIESTA DI PREVENTIVO,non_classificato,nessun_segnale_esplicito,2
IN LINEA CON LE DISPOSIZIONI DEL D.LGS. N. 36/2023,non_classificato,nessun_segnale_esplicito,2
IN OFFICE S.R.L.,organization,org_srl,1
IN POSS,non_classificato,nessun_segnale_esplicito,3
IN SITU S.R.L.,organization,org_srl,1
INDICATI NELLE FATTURE AVVERRÀ ENTRO IL TERMINE DI 30 GIORNI,non_classificato,nessun_segnale_esplicito,5
INDIVIDUALE,non_classificato,nessun_segnale_esplicito,1
INDIVIDUALE ARTIGIANA MAURIZIO SPA,organization,org_spa,1
INDIVIDUATO NEL RISPETTO DEL PRINCIPIO DI ROTAZIONE È LA DOTT.SS,non_classificato,nessun_segnale_esplicito,1
"INDIVIDUATO, È IN POSS",non_classificato,nessun_segnale_esplicito,1
INDOOR AMBIENTE S.R.L.,organization,org_srl,1
INDUSTRIA01 DI BICE GUASTELLA E SARAH BERSANI SNC,organization,org_snc,1
INFOCAMERE,non_classificato,nessun_segnale_esplicito,2
INFOCAMERE S.C.P.A DEL SERVIZIO DI ABBONAMENTO,non_classificato,nessun_segnale_esplicito,1
INFOCERT S.P.A.,organization,org_spa,1
INFOCERT SPA,organization,org_spa,3
INFOCONGRESS S.R.L,organization,org_srl,1
INFORDATA S.P.A.,organization,org_spa,2
INFORMA MARKETS JAPAN CO,non_classificato,nessun_segnale_esplicito,1
INFORMATIC ALL SRL,organization,org_srl,1
INFORMATICA SYSTEM,non_classificato,nessun_segnale_esplicito,1
INFOSTAR S.R.L.,organization,org_srl,1
INFRASTRUTTURE MILANO CORTINA 202- 2026 S.P.A.,organization,org_spa,1
INFRASTRUTTURE MILANO CORTINA 2020-2026 S.P.A.,organization,org_spa,21
INFRASTRUTTURE MILANO CORTINA 2026 S.P.A.,organization,org_spa,6
ING. ADRIANO TIBERI,person,per_ing,1
ING. ALESSANDRO PARISI,person,per_ing,9
ING. AURORA GAROFALO,person,per_ing,1
ING. CONCETTO CAPODICASA,person,per_ing,1
ING. DARIO D’INNOCENZO,person,per_ing,1
ING. DELLE CAVE,person,per_ing,1
ING. DOMENICO MAURIZIO CALTABIANO,person,per_ing,1
ING. ENRICO MARESCA,person,per_ing,1
ING. FABRIZIO SERRENTI,person,per_ing,1
ING. FEDERICO LO BELLO,person,per_ing,1
ING. FLAVIA GALASSI,person,per_ing,1
ING. FLAVIO DE VITO,person,per_ing,2
ING. GIOVANNI CURCURUTO,person,per_ing,1
ING. GIOVANNI MALESCI,person,per_ing,11
ING. GIUSEPPE BOVENZI,person,per_ing,3
ING. GIUSEPPE MAURO,person,per_ing,1
ING. GIUSEPPE SILVESTRI,person,per_ing,1
ING. GUIDUCCI MIRKO,person,per_ing,1
ING. LIBORIO MACALUSO,person,per_ing,1
ING. LISA GIULIANI,person,per_ing,1
ING. LUCA VEGLIANTI,person,per_ing,1
ING. LUIGI TERENZANI,person,per_ing,1
ING. MALESCI GIOVANNI,person,per_ing,5
ING. MARCO BIANCHINI,person,per_ing,3
ING. MARCO VIGNOLO,person,per_ing,2
ING. MARTA NICOLETTI ALTIMARI,person,per_ing,2
ING. MAURIZIO MIELE,person,per_ing,1
ING. ONOFRIO DENNETTA,person,per_ing,1
ING. PIERPAOLO BOSELLI,person,per_ing,1
ING. PIETRO PALLADINO,person,per_ing,1
ING. PIETRO SANTOIEMMA,person,per_ing,1
ING. RICCA ANDREA,person,per_ing,1
ING. ROBERTO FALCONE FUNZIONARIO,person,per_ing,1
ING. SERRENTI FABRIZIO,person,per_ing,1
ING. SIMONE PETRUCCI,person,per_ing,1
ING. STEFANO COLA,person,per_ing,1
ING. UMBERTO LISA,person,per_ing,1
ING. VANESSA PARISI,person,per_ing,1
ING. VANESSA PSAILA,person,per_ing,1
ING. VINCENZO FIDONE,person,per_ing,1
ING. VINCENZO PAPA,person,per_ing,1
ING.STEFANO PAGANI,non_classificato,nessun_segnale_esplicito,1
INGELVA SRL,organization,org_srl,1
INGHILTERRA FELICE,non_classificato,nessun_segnale_esplicito,1
INGROS CARTA GIUSTACCHINI S.P.A.,organization,org_spa,1
INGROSCART S.R.L,organization,org_srl,1
INGROSCART SRL,organization,org_srl,2
INOVA COMUNICAÇÃO,non_classificato,nessun_segnale_esplicito,1
INTEGRA SRL,organization,org_srl,3
INTELLERA CONSULTING S.R.L. MANDATARIA E CAPGEMINI ITALIA S.P.A. – HSPI S.P.A. – TELECONSYS S.P.A,organization,org_srl,1
INTERECO SERVIZI SRL,organization,org_srl,1
INTERFIERE SRL,organization,org_srl,1
INTERNATIONAL ACADEMY LAB SRL,organization,org_srl,1
INTERPRETI TRADUTTORI MEDIATORI S.R.L.,organization,org_srl,1
INTERSYSTEM SRL,organization,org_srl,1
INTERSYSTEM SRL IN DATA 09/10/2025,organization,org_srl,1
INTERVENTI DI ALLACCAIMENTO IMPIANTO FOTOVOLTAICO - PAG I SAL,non_classificato,nessun_segnale_esplicito,1
INTINI NICOLA SPORT PROJECT,non_classificato,nessun_segnale_esplicito,1
INVERSO S,non_classificato,nessun_segnale_esplicito,3
INVISIBLEFARM SRL,organization,org_srl,1
INVITALIA,non_classificato,nessun_segnale_esplicito,1
IPERVERDE SRL,organization,org_srl,1
IPM (INTEGRATED PROJECTS MANAGEMENT SRL,organization,org_srl,1
IRMES SRL,organization,org_srl,1
IRTET S.R.L.,organization,org_srl,1
ISNG SRL,organization,org_srl,1
ISTITUTO DI VIGILANZA PRIVATA TURRIS SRL,organization,org_srl,1
ISTITUTO PIEPOLI S.R.L.,organization,org_srl,1
ISTITUTO POLIGRAFICO E ZECCA DELLO STATO,non_classificato,nessun_segnale_esplicito,1
ISTITUTO POLIGRAFICO E ZECCA DELLO STATO S.P.A.,organization,org_spa,1
ITAGILE S.R.L.(ORA SBITALIA SRL) SUL ME.PA,organization,org_srl,1
ITALARCHIVI S.R.L.,organization,org_srl,1
ITALIACAMP S.R.L,organization,org_srl,1
ITALPOL VIGILANZA S.R.L.,organization,org_srl,1
ITALPONTI SRL,organization,org_srl,1
ITALRESCUE S.R.L,organization,org_srl,1
ITC SERVICE SRL,organization,org_srl,1
ITEC SISTEMI SRL,organization,org_srl,1
IVANO DIANA DITTA INDIVIDUALE,organization,org_ditta_impresa,1
J-SORE DISTRIBUZIONE S.R.L. È RISULTATA ESSERE L’UNICA DISPONIBILE SIA,organization,org_srl,1
JEAN CLAUDE JOSEPH SALIBA,non_classificato,nessun_segnale_esplicito,1
JHANISE SRL,organization,org_srl,1
JUMBO SYSTEM S.R.L.,organization,org_srl,1
JUMP SRL,organization,org_srl,1
K-CHANGE S.R.L.,organization,org_srl,1
KARALIS NON SOLO TENDE DI CIMINIELLO FORTUNATO,non_classificato,nessun_segnale_esplicito,1
KEY DATA SRL,organization,org_srl,1
KIBRIT & CALCE S.R.L.,organization,org_srl,1
KINTSUGI EVENTS SRL,organization,org_srl,1
KOMBO SRLS,organization,org_srl,1
KORA SISTEMI INFORMATICI SRL,organization,org_srl,1
KOSMOS SRL,organization,org_srl,2
KPMG ADVISORY SPA,organization,org_spa,1
KRATOS SPA,organization,org_spa,1
KYOCERA DOCUMENT SOLUTION S.P.A,organization,org_spa,2
KYOCERA DOCUMENT SOLUTIONS ITALIA S.P.A,organization,org_spa,1
KYOCERA DOCUMENT SOLUTIONS ITALIA S.P.A.,organization,org_spa,4
KYOWON TOUR CO,non_classificato,nessun_segnale_esplicito,1
L'A GOURMET L'ACCADEMIA SRL,organization,org_srl,1
L'AQUILA - EX PALAZZO DEL LITTORIO - PAG SALDO PROGETTAZIONE PFTE,non_classificato,nessun_segnale_esplicito,1
L'ERMA DI BRETSCHNEIDER SRL,organization,org_srl,1
L'IDEA C'E' ... SOCIETA' MULTISERVIZI SNC,organization,org_snc,1
L.L.C. SAS,organization,org_sas,1
LA CARTUCCIA S.R.L.,organization,org_srl,3
LA CARTUCCIA SRL,organization,org_srl,1
LA CRISTALLINA SERVICES S.R.L,organization,org_srl,1
LA FOGLIA DEL TE COOPERATIVA,organization,org_cooperativa,1
LA GRANDE CUCINA - SOCIETA' PER AZIONI,organization,org_societa_generica,1
LA GRIFFE S.R.L,organization,org_srl,1
LA SAN GIOVANNI SOCIETÀ COOP. SOCIALE ONLUS,organization,org_coop_abbrev,1
"LA SCRITTURA PRIVATA, PER REGOLARE LE PRESTAZIONI PROFESS",non_classificato,nessun_segnale_esplicito,1
LA SICUREZZA NOTTURNA S.R.L.,organization,org_srl,1
LA VENETA SERVIZI SPA,organization,org_spa,1
LABINF SISTEMI S.R.L,organization,org_srl,1
LABORATORIO ANALISI CLINICHE BAIATA,non_classificato,nessun_segnale_esplicito,1
LABORATORIO ANALISI PERUGINI,non_classificato,nessun_segnale_esplicito,1
LABORATORIO TECNOLOGICO CALABRESE S.R.L.,organization,org_srl,1
LABORTEST S.R.L,organization,org_srl,1
LADAMA S.R.L.,organization,org_srl,1
LAFELTRINELLI INTERNET BOOKSHOP S.R.L,organization,org_srl,1
LAND S.R.L.,organization,org_srl,1
LASER TEAM S,non_classificato,nessun_segnale_esplicito,1
LASTARCH S.R.L.,organization,org_srl,1
LAZIO MACERI,non_classificato,nessun_segnale_esplicito,1
LE PREDETTE PENALI SINO AL MOMENTO IN CUI IL CONTRATTO INIZIERÀ AD ESS,non_classificato,nessun_segnale_esplicito,1
LEADER SRL,organization,org_srl,2
LEGANCE ASSOCIATI,non_classificato,nessun_segnale_esplicito,1
LEGATORIA RESTAURO BOLDRINI ALDO SRL,organization,org_srl,1
LEGENDS OWO LLC,non_classificato,nessun_segnale_esplicito,1
LEGNOLANDIA GROUP S.R.L.,organization,org_srl,1
LEYBOLD ITALIA S.R.L,organization,org_srl,1
LIBRERIA KAPPA DI CAPPABIANCA RICCARDO,non_classificato,nessun_segnale_esplicito,1
LIBRERIA P. TOMBOLINI DI CARLA SARTORI TOMBOLINI E C. S.A.S.,organization,org_sas,1
LIBRERIA P. TOMBOLINI E C SAS,organization,org_sas,1
LIBRERIA P.TOMBOLINI DI CARLA SARTORI TOMBOLINI E C. S.A.S.,organization,org_sas,1
LIBRERIA PATIERNO SRL,organization,org_srl,1
LIFE TECHNOLOGIES ITALIA,non_classificato,nessun_segnale_esplicito,1
LIFE TECHNOLOGIES ITALIA SRL,organization,org_srl,1
LINEA UFFICIO INFORMATICA S.R.L,organization,org_srl,1
LINFA DIGITAL SRL,organization,org_srl,1
LINK.IT SRL,organization,org_srl,1
LITOGRAF 2000 SRL,organization,org_srl,1
LIVING CAMERA SRL,organization,org_srl,1
LLA D.SS,non_classificato,nessun_segnale_esplicito,1
LLA ITALIANA PETROLI S.P.A.,organization,org_spa,1
LLA SOCIETÀ ALL OFFICE S.R.L.,organization,org_srl,1
LLA SOCIETÀ CU.CU. CUCINA E CULTURA SOC. COOP,organization,org_societa_generica,1
LO SCALCO SRL,organization,org_srl,1
LO STUDIOLO S,non_classificato,nessun_segnale_esplicito,1
LOGGIA ARREDAMENTI S.R.L,organization,org_srl,1
LONG LIFE SRL,organization,org_srl,1
LOTO SOUND S.R.L.,organization,org_srl,1
LOVERS S.R.L,organization,org_srl,1
LP ENGINEERING SRL,organization,org_srl,1
LSI LASTEM S.R.L.,organization,org_srl,1
LSPARTNERS S.R.L.,organization,org_srl,1
LTA SRL,organization,org_srl,1
LUCA CAMBIASSI DITTA INDIVIDUALE,organization,org_ditta_impresa,1
LUCCARINI S.R.L.,organization,org_srl,1
LUCCHINI E SANNA RESTAURI S,non_classificato,nessun_segnale_esplicito,1
LUCIANA ZAMPROGNA,non_classificato,nessun_segnale_esplicito,1
LUCKY DREAMS SRL,organization,org_srl,1
LUCKY TOWN PTE LTD,non_classificato,nessun_segnale_esplicito,1
LUDO SRL,organization,org_srl,1
LUFO S.R.L.,organization,org_srl,1
LUIGI PEA S.A.S.,organization,org_sas,1
LUIGI SPINA,non_classificato,nessun_segnale_esplicito,1
LUISA LANDI,non_classificato,nessun_segnale_esplicito,1
LUNAROSS,non_classificato,nessun_segnale_esplicito,1
LYBRATECH SRL,organization,org_srl,1
L’ECO DELLA STAMPA S.P.A,organization,org_spa,1
L’ERBAVOGLIO SRL,organization,org_srl,3
M.A.F.I.S. S.R.L.,organization,org_srl,1
M.B.M. EDILIZIA E TECNOLOGIA S.R.L.,organization,org_srl,1
M.E.T.A. SRL,organization,org_srl,1
M.R.M. DIAGNOSI STRUTTURE - STUDIO ASS,non_classificato,nessun_segnale_esplicito,1
M.S.G. SOC. COOP. A R.L.,organization,org_coop_abbrev,1
M.T.S. MORELLI TRASPORTI E SERVIZI S.R.L.,organization,org_srl,1
M.T.S. S.R.L.,organization,org_srl,1
MAD MAX CO. ITALIA S.R.L,organization,org_srl,1
MADDALENA MAYNERI SRLS,organization,org_srl,1
MAESTRI PASTICCERI SRL C.F. [IDENTIFICATIVO PRIVATO RIMOSSO],organization,org_srl,1
MAGGIOLI S.P.A,organization,org_spa,1
MAGGIOLI S.P.A ( PARTITA IVA: 02066400405 – CODICE FISCALE: 06188330150),organization,org_spa,1
MAGGIOLI S.P.A.,organization,org_spa,1
MAGGIOLI SPA,organization,org_spa,1
MAGLIOZZI GROUP S.R.L.,organization,org_srl,2
MAJOR BIT CONSULTING SRL,organization,org_srl,1
MAKHYMO SRL,organization,org_srl,1
MAKROS S.R.L.,organization,org_srl,2
MALIKS BOOKSHOP,non_classificato,nessun_segnale_esplicito,1
MALVESTIO DIEGO & C. S.N.C.,organization,org_snc,1
MAMILO S.R.L.,organization,org_srl,1
MANBY S.R.L.,organization,org_srl,1
MANDARINE,non_classificato,nessun_segnale_esplicito,1
MANDATARIA KPMG,non_classificato,nessun_segnale_esplicito,1
MANPOWER S.R.L,organization,org_srl,1
MANUTAN ITALIA S.P.A.,organization,org_spa,1
MAPS SPA,organization,org_spa,1
MARCO DAMIAN - ZOD,non_classificato,nessun_segnale_esplicito,1
MARCO IANNINI,non_classificato,nessun_segnale_esplicito,1
MARCO TOSATO,non_classificato,nessun_segnale_esplicito,1
MARCONI GIIUSEPPE,non_classificato,nessun_segnale_esplicito,2
MARIA DE ROSA,non_classificato,nessun_segnale_esplicito,1
MARIA GILDA LOIACONO,non_classificato,nessun_segnale_esplicito,1
MARIANI F.LLI SRL,organization,org_srl,1
MARINO PASQUALE,non_classificato,nessun_segnale_esplicito,1
MARINO ROSA,non_classificato,nessun_segnale_esplicito,1
MARINOFFICE SRL,organization,org_srl,1
MARIO BIASIOTTI,non_classificato,nessun_segnale_esplicito,1
MARKAS S.R.L.,organization,org_srl,1
MARNO S.R.L,organization,org_srl,1
MARROCCO ELEVATORS S.R.L,organization,org_srl,1
MARTECH SRL,organization,org_srl,1
MASSIMILIANO PEPE,non_classificato,nessun_segnale_esplicito,1
MATE ANTINCENDIO SRL,organization,org_srl,1
MATERIA S.R.L,organization,org_srl,1
MAURO MAGLIANI,non_classificato,nessun_segnale_esplicito,1
MEC SAN.SERVICE S.R.L.,organization,org_srl,1
MED SECURITY SRL,organization,org_srl,1
MEDGLOX,non_classificato,nessun_segnale_esplicito,1
MEDIA GEAR SRL,organization,org_srl,1
MEDIA PRESS SOCIETA' A RESPONSABILITA' LIMITATA,organization,org_societa_generica,1
MEDIACAR BY ELETTRAUTO GIANNI,non_classificato,nessun_segnale_esplicito,2
MEDIACONSULT,non_classificato,nessun_segnale_esplicito,1
MEDIAEDIT S.R.L,organization,org_srl,2
MEDIAEVENTI S,non_classificato,nessun_segnale_esplicito,2
MEDIAEVENTI S.R.L LA FORNITURA IN ARGOMENTO,organization,org_srl,1
MEDIAEVENTI SRL PER L’IMPORTO DI EURO 3.045,organization,org_srl,1
MEDICASA DI MURA ALBERTO,non_classificato,nessun_segnale_esplicito,1
MEDINOK S.P.A,organization,org_spa,1
MEDISOL S.R.L,organization,org_srl,1
MEDITERRANEA ENGINEERING S.R.L.,organization,org_srl,1
MEDUSA S.R.L.,organization,org_srl,2
MEETING PER L'AMICIZIA FRA I POPOLI ETS,non_classificato,nessun_segnale_esplicito,1
MEETWEB SRL,organization,org_srl,1
MEGABLOK DI PORTOSA RICCARDO,non_classificato,nessun_segnale_esplicito,1
MELE MARCO ADRIANO,non_classificato,nessun_segnale_esplicito,1
MELQART S.R.L.,organization,org_srl,1
MENHIR COMPUTERS DI PAOLONI ANGELA,non_classificato,nessun_segnale_esplicito,1
MENSA E ATTIVITÀ RICREATIVE- PAG I SAL,non_classificato,nessun_segnale_esplicito,1
MERCER ITALIA SRL,organization,org_srl,1
MERCK LIFE SCIENCE S.R.L.,organization,org_srl,1
MERITO S.R.L,organization,org_srl,1
METALMECCANICA FALCONE SRL,organization,org_srl,1
METIS SYSTEMS SRL,organization,org_srl,1
METRO C,non_classificato,nessun_segnale_esplicito,1
MI.PA. COSTRUZIONI EDILI SRL,organization,org_srl,1
MIAR SUB S.R.L,organization,org_srl,1
MICHELETTI SIMONE,non_classificato,nessun_segnale_esplicito,1
MICROCONTROL ELECTRONIC SRL,organization,org_srl,1
MIGARAUR S.R.L.,organization,org_srl,1
MILEXIA ITALIA S.P.A,organization,org_spa,1
MILLE SERVIZI SRL,organization,org_srl,1
MINOPOLI SRL,organization,org_srl,1
MIRAFAN S.R.L,organization,org_srl,1
MIRKO BADIALI,non_classificato,nessun_segnale_esplicito,1
MISTER WIZARD S.R.L.,organization,org_srl,2
MK GLOBAL,non_classificato,nessun_segnale_esplicito,1
MODULGRAF SRL,organization,org_srl,1
MODULI DESIGN DI SERRA ROBERTO,non_classificato,nessun_segnale_esplicito,1
MOLAJONI,non_classificato,nessun_segnale_esplicito,1
MOLINARI S.R.L.,organization,org_srl,1
MOLLO S.R.L.,organization,org_srl,1
MONDOFFICE SRL,organization,org_srl,1
MONGE & C. S.P.A,organization,org_spa,1
MONTEBOVE S.R.L,organization,org_srl,1
MOTISI LIBERTO,non_classificato,nessun_segnale_esplicito,1
MOVESION S.R.L,organization,org_srl,1
MPB S.R.L.,organization,org_srl,1
MR. JOHN’S DI TIRELLI GIOVANNI,non_classificato,nessun_segnale_esplicito,1
MTS SRL,organization,org_srl,2
MULIG S.R.L.,organization,org_srl,5
MVR UFFCIO S.R.L.,organization,org_srl,1
MW SAS,organization,org_sas,1
MY EGO SRL,organization,org_srl,1
MYO S.P.A,organization,org_spa,3
MYO S.P.A.,organization,org_spa,3
MYO SPA,organization,org_spa,7
N.D.,non_classificato,valore_vuoto,4213
N.I.D.O. S.R.L,organization,org_srl,1
N.I.SAN,non_classificato,nessun_segnale_esplicito,1
NADA 2008 SRL,organization,org_srl,2
NAISER BRENTA. S.R.L,organization,org_srl,1
NAMIRIAL S.P.A.,organization,org_spa,1
NAMIRIAL SPA,organization,org_spa,3
ND SOLUTION S.R.L.S.,organization,org_srl,1
NELLE,non_classificato,nessun_segnale_esplicito,1
NEMESI S,non_classificato,nessun_segnale_esplicito,2
NEON ESSE S,non_classificato,nessun_segnale_esplicito,2
NETPHAROS S.R.L.,organization,org_srl,6
NEW BUSINESS,non_classificato,nessun_segnale_esplicito,1
NEW GENERATION SERVICES S.R.L,organization,org_srl,1
NEW SINTESI SRL,organization,org_srl,1
NEW SPLENDOR SERVICE SOC. COOP.,organization,org_coop_abbrev,1
NEW TECHNOLOGY DEVELOPMENT ITALIA S.R.L,organization,org_srl,2
NEXI PAYMENTS,non_classificato,nessun_segnale_esplicito,1
NEXION S.P.A,organization,org_spa,1
NEXION S.P.A.,organization,org_spa,2
NEXION SPA,organization,org_spa,2
NEXTRA PROJECT S.R.L.,organization,org_srl,1
NF IMPIANTI SRL,organization,org_srl,1
NICOLA NEVIO PAGANO INGEGNERE,non_classificato,nessun_segnale_esplicito,2
NIDACO COSTRUZIONI S.R.L.,organization,org_srl,1
NIDO S.R.L.,organization,org_srl,1
NIHON KOHDEN ITALIA S.R.L.,organization,org_srl,1
NIOLA ROSARIO S.R.L.,organization,org_srl,1
NIPPON GASES INDUSTRIAL SRL,organization,org_srl,1
NOCERA SRL,organization,org_srl,3
NOLASCO CRISTIANO,non_classificato,nessun_segnale_esplicito,1
NOOM HOTEL DAKAR SEA PLAZA,non_classificato,nessun_segnale_esplicito,1
NORMA S.R.L.,organization,org_srl,1
NOVADOMUS SRL,organization,org_srl,1
NOVANEXT S.R.L.,organization,org_srl,1
NOVANEXT SOCIETA’ A RESPONSABILITA’ LIMITATA,non_classificato,nessun_segnale_esplicito,1
NOVANEXT SRL,organization,org_srl,1
NSA TICKETING SERVICES S.R.L.,organization,org_srl,1
NSL MEDIA S.R.L.,organization,org_srl,1
NUBIFILM STUDIO SRL,organization,org_srl,1
NUCCI RENATO,non_classificato,nessun_segnale_esplicito,2
NUCO IMMOBILIARE S.R.L,organization,org_srl,1
NUOVA GAROFOLI S.R.L,organization,org_srl,1
NUVOLAPOINT DI FLAJAS ALESSANDRO,non_classificato,nessun_segnale_esplicito,1
O ASS,non_classificato,nessun_segnale_esplicito,1
O DI PRESTARE LA GARANZIA FIDEJUSS,non_classificato,nessun_segnale_esplicito,1
O DITTA TEGLIAFILO COSTRUZIONI S.R.L.,organization,org_srl,1
O.C.A.I. SRL,organization,org_srl,1
OFFICE DEPOT ITALIA SRL,organization,org_srl,1
OFFICINA AUTOSTRADE NORD S.R.L.,organization,org_srl,1
OFFICINA DELLE IDEE SRL,organization,org_srl,1
OFFICINA DELLE IDEE SRL - UNIPERSONALE,organization,org_srl,1
OFFICINA DELL’IMMAGINE DI POSTINI LUCA,non_classificato,nessun_segnale_esplicito,1
OFFICINA LIBRARIA S.R.L,organization,org_srl,1
OFFICINE IADR,non_classificato,nessun_segnale_esplicito,1
OLICOR SRL,organization,org_srl,1
OLIVETTI SPA,organization,org_spa,1
OMNIARCH S.A.S.,organization,org_sas,1
OPEN IMPACT SRL,organization,org_srl,1
OPEN SOLUTION DESIGN SRL,organization,org_srl,1
OPENESS,non_classificato,nessun_segnale_esplicito,1
OPERA LABORATORI FIORENTINI S.P.A.,organization,org_spa,2
OPERA LABORATORI FIORENTINI SPA,organization,org_spa,1
OPERAZIONE S.R.L.,organization,org_srl,1
OPERAZIONE SRL,organization,org_srl,1
OPTIMA CLEAN SRL,organization,org_srl,1
OPUS SYSTEM SRL,organization,org_srl,2
OSK SOFT DI SAMUELE GAGGIOLI,non_classificato,nessun_segnale_esplicito,1
P.G.M. S.R.L. COOP. DI SERVIZI,organization,org_srl,1
PA DIGITALE S,non_classificato,nessun_segnale_esplicito,1
PA INGEGNERIA SRL,organization,org_srl,1
PACE ROCCO,non_classificato,nessun_segnale_esplicito,1
PACKITALIA DI VALENZIANO MARIA,non_classificato,nessun_segnale_esplicito,1
PADANA SERVICE S.R.L,organization,org_srl,1
PADANA SERVICE S.R.L.,organization,org_srl,1
PAG II QUOTA,non_classificato,nessun_segnale_esplicito,1
PAGAMENTO A FAVORE DELLA SOCIETÀ ANTONIO GUERRASIO S.R.L.,organization,org_srl,1
PALITALSOFT SRL,organization,org_srl,1
PALMIOTTA SRL,organization,org_srl,1
PALOMBINI RICEVIMENTI SRL,organization,org_srl,1
PALUCCI FIRE SERVICE DI PALUCCI MARIO,non_classificato,nessun_segnale_esplicito,6
PANASCI & C. S.A.S.,organization,org_sas,1
PANSTUDIO ARCHITETTI ASSOCIATI,non_classificato,nessun_segnale_esplicito,1
PAOLO MURATORI DI A. FERRARI S.R.L,organization,org_srl,1
PAOLO SPOLTORE ARCHITETTO,non_classificato,nessun_segnale_esplicito,1
PAPALINI SPA,organization,org_spa,1
PAPARO S.R.L,organization,org_srl,1
PARTENO PER FORNITURE UFFICIO SRL,organization,org_srl,1
PARTENOPE UFFICIO SRL,organization,org_srl,1
PASTICCERIA PITTORRU EREDI,non_classificato,nessun_segnale_esplicito,1
PATRIZIA DI CATALDO,non_classificato,nessun_segnale_esplicito,1
PELIZZON LUIGI S.R.L.,organization,org_srl,1
PEOPLELINK S.R.L,organization,org_srl,1
PER LA FORNITURA IN RISPOSTA ALLA TRATTATIVA MEPA SUDDETTA,non_classificato,nessun_segnale_esplicito,1
PERANI & PARTNERS S.P.A,organization,org_spa,1
PEREGO A. AUTOFF. GOMMISTA,non_classificato,nessun_segnale_esplicito,2
PERTOT S.R.L.,organization,org_srl,1
PETRUCCI SRL,organization,org_srl,2
PFIZER SERVICE COMPANY BV,non_classificato,nessun_segnale_esplicito,1
PHILIPS SPA,organization,org_spa,1
PIACENTI S.P.A.,organization,org_spa,1
PIEMME ESTINTORI S.R.L.,organization,org_srl,1
PIEMME S,non_classificato,nessun_segnale_esplicito,2
PIEMME SPA,organization,org_spa,1
PIERMARINI FRANCESCO,non_classificato,nessun_segnale_esplicito,1
PIERRESTAMPA S.R.L,organization,org_srl,1
PIESSEPI SRL,organization,org_srl,1
PIETRO STORACE,non_classificato,nessun_segnale_esplicito,1
PIRESTI SRL,organization,org_srl,1
PLANET DIPLOMACY SRLS,organization,org_srl,1
PLANETA STUDIO ASSOCIATO,organization,org_studio_prof,1
PLUG- IN SRL,organization,org_srl,1
PLUG-INP. S.R.L.,organization,org_srl,1
PNRR- PAG COMPENSO AL VI SAL LAVORI,non_classificato,nessun_segnale_esplicito,1
POLIDIAGNOSTICO SADA GROUP,non_classificato,nessun_segnale_esplicito,1
POLITECNICO DI MILANO,non_classificato,nessun_segnale_esplicito,1
POLO STRATEGICO NAZIONALE S.P.A,organization,org_spa,1
PONZI SRL,organization,org_srl,1
PORTUGUESALIA BUSINESS,non_classificato,nessun_segnale_esplicito,1
POSATEC PAVIMENTI,non_classificato,nessun_segnale_esplicito,1
POSTE ITALIANE,non_classificato,nessun_segnale_esplicito,1
POSTE ITALIANE S.P.A.,organization,org_spa,1
POSTE ITALIANE SPA,organization,org_spa,1
PPQSENSE S.R.L,organization,org_srl,1
PRANNO ALFREDO,non_classificato,nessun_segnale_esplicito,1
PREART SRL,organization,org_srl,1
PRICEWATERHOUSECOOP,non_classificato,nessun_segnale_esplicito,1
PRICEWATERHOUSECOOPERS BUSINESS SERVICES S.R.L.,organization,org_srl,1
PRO.TEC. SRL,organization,org_srl,1
PROCED S,non_classificato,nessun_segnale_esplicito,7
PROCED S.R.L.,organization,org_srl,1
PROCED SRL,organization,org_srl,1
PRODEVENTS26 S.R.L.S.,organization,org_srl,1
PROEL S.A.S. DI SPAMPINATO A. & C.,organization,org_sas,1
PROFESS,non_classificato,nessun_segnale_esplicito,2
PROFESSIONAL SERVICE,non_classificato,nessun_segnale_esplicito,1
PROFESSIONISTI DEL PAESAGGIO SRL,organization,org_srl,1
PROGES ENGINEERING SRL,organization,org_srl,1
PROGESOFT ITALIA SPA,organization,org_spa,1
PROGESOFT ITALIA SRL,organization,org_srl,3
PROGET IMPIANTI SRL,organization,org_srl,1
PROGETTO ARTE POLI S.R.L.,organization,org_srl,1
PROGETTO SVEVO SRL,organization,org_srl,1
PROGETTO TOURING SRL,organization,org_srl,1
PROMAL SRL,organization,org_srl,1
PROMOS COMUNICAZIONE S,non_classificato,nessun_segnale_esplicito,1
PROMOSAFE S.R.L,organization,org_srl,1
PROMOSAFE S.R.L. E ICR S.P.A,organization,org_srl,1
PROMOSAFE SRL,organization,org_srl,1
PSTUDIOARCH S.R.L.S.,organization,org_srl,1
PTC INGEGNERIA S.R.L.,organization,org_srl,1
PUBBLICITÀ EDITORIALE E DIGITALE SRL,organization,org_srl,1
PUBLIDIT DI TRIPODI ALESSANDRO,non_classificato,nessun_segnale_esplicito,1
PUBLIEDIT DI TRIPODI ALESS,non_classificato,nessun_segnale_esplicito,1
PUBLIFAST SRL,organization,org_srl,1
PUBLIMAS DIGITAL SLU,non_classificato,nessun_segnale_esplicito,1
PUGLIAUTO 2 DI IGNOMERIELLO FRANCESCO,non_classificato,nessun_segnale_esplicito,1
PULISVEVO SOC. COOP,non_classificato,nessun_segnale_esplicito,1
PUMAVER SRL,organization,org_srl,1
PUNTO CARTA,non_classificato,nessun_segnale_esplicito,1
PUNTO CLIMA SRL,organization,org_srl,1
PUNTO COMPUTER SRL.,organization,org_srl,1
PUNTO DI BARINA FRANCESCA,non_classificato,nessun_segnale_esplicito,1
PUNTO DI FRANCESCA,non_classificato,nessun_segnale_esplicito,1
PUNTOCLIMA SRL,organization,org_srl,1
PUNTOGOMME LAZIO SRL PER L’IMPORTO,organization,org_srl,1
PURI MARCO ARREDAMENTI,non_classificato,nessun_segnale_esplicito,1
QTI S.R.L,organization,org_srl,1
QUANTUM DESIGN S.R.L,organization,org_srl,1
QUIRINO MONTAGLIANI,non_classificato,nessun_segnale_esplicito,1
R&R FERRAMENTA S.N.C,organization,org_snc,2
R-STORE S,non_classificato,nessun_segnale_esplicito,1
R-STORE SPECIALIST,non_classificato,nessun_segnale_esplicito,1
R.TEKNOS S.R.L.,organization,org_srl,1
R1 S.P.A.,organization,org_spa,1
R2DT AUDIT SRL È RISULTATA CONGRUA,organization,org_srl,1
RA.SE.T. S.R.L,organization,org_srl,1
RADAR LEATHER DIVISION S.R.L,organization,org_srl,2
RAFFO CONSULTORES EN IDIOMAS,non_classificato,nessun_segnale_esplicito,1
RAGGRUPPAMENTO OFFICINE MECCANICHE AR.MA. (P.I. 01356101004) IN ROMA,non_classificato,nessun_segnale_esplicito,1
RAGU' COMMUNICATION S.R.L.,organization,org_srl,1
RANDSTAD ITALIA S.P.A.,organization,org_spa,1
RD SISTEMI S,non_classificato,nessun_segnale_esplicito,2
RDA DI D’ALCONZO ROBERTO UN PREVENTIVO DI SPESA PER N,non_classificato,nessun_segnale_esplicito,1
REACT STUDIO S.R.L.,organization,org_srl,1
REAL ASCENSORI DI ROMEO DANIELE ANTONIO,non_classificato,nessun_segnale_esplicito,1
REALE MUTUA DI ASS,non_classificato,nessun_segnale_esplicito,1
RECTO VERSO DI FEDERICA DELIA,non_classificato,nessun_segnale_esplicito,1
RECURFIX S.R.L,organization,org_srl,1
RED STUDIO ALLESTIMENTI S.R.L,organization,org_srl,1
RENATO NUCCI,non_classificato,nessun_segnale_esplicito,1
RENTOKIL INITIAL ITALIA S.P.A,organization,org_spa,3
RESOLFIN S.R.L,organization,org_srl,1
RESOLFIN SRL,organization,org_srl,1
RESTAURI ARTISTICI E MONUMENTALI FABIO MANNUCCI,non_classificato,nessun_segnale_esplicito,1
RESTAURI GENERALI VENEZIANI S.R.L.,organization,org_srl,1
RESTAURO TESS,non_classificato,nessun_segnale_esplicito,1
RESTING S.R.L.,organization,org_srl,1
REVELCHIONE,non_classificato,nessun_segnale_esplicito,1
REXEL S.P.A,organization,org_spa,1
RHEMA CONSULTS,non_classificato,nessun_segnale_esplicito,1
RHINO NETWORKS,non_classificato,nessun_segnale_esplicito,1
RI.AL. SRL,organization,org_srl,1
RIA SRL,organization,org_srl,3
RIFREDI SOCIETÀ COOPERATIVA,organization,org_cooperativa,1
RIMANI SRL,organization,org_srl,1
RINA SERVICES SPA,organization,org_spa,2
RIPETTA IN FIORE DI PATRIZIA MARCOMENI ED ASSUNTO A,non_classificato,nessun_segnale_esplicito,1
RISULTA ESS,non_classificato,nessun_segnale_esplicito,4
RITTER ERNST,non_classificato,nessun_segnale_esplicito,1
RIU AIR TRAVEL CO,non_classificato,nessun_segnale_esplicito,1
ROBERTO MONTICELLI,non_classificato,nessun_segnale_esplicito,1
ROBERTO NALDI COLLECTION,non_classificato,nessun_segnale_esplicito,1
ROCHE DIAGNOSTICS S.P.A.,organization,org_spa,1
ROHDE & SCHWARTZ ITALIA SPA,organization,org_spa,1
ROHDE & SCHWARZ ITALIA,non_classificato,nessun_segnale_esplicito,2
ROHDE & SCHWARZ ITALIA S.P.A,organization,org_spa,3
ROHDE & SCHWARZ ITALIA S.P.A.,organization,org_spa,3
ROHDE & SCHWARZ ITALIA SPA,organization,org_spa,4
ROHDE & SCHWARZ S.P.A.,organization,org_spa,3
ROHDE & SCHWARZ SPA,organization,org_spa,2
ROHDE SCHWARZ ITALIA S.P.A.,organization,org_spa,2
ROMA,non_classificato,nessun_segnale_esplicito,1
ROMA - FONDI MIT 7341 ANNO 2023 - PIANO GESTIONALE 01,non_classificato,nessun_segnale_esplicito,1
ROMA RESTAURO S.R.L,organization,org_srl,2
ROMANA AMBIENTE S.R.L,organization,org_srl,2
ROMANA AMBIENTE S.R.L.,organization,org_srl,1
ROMANO PETROLI SRL.,organization,org_srl,1
ROMAVERDE SRL HA ESEGUITO IL SOPRALLUOGO RICHIESTO,organization,org_srl,1
ROSA DEI VENTI S.R.L.,organization,org_srl,1
ROTOSTAMPA GROUP S,non_classificato,nessun_segnale_esplicito,2
ROYAL PAESTUM SRL,organization,org_srl,1
RP//PRESS,non_classificato,nessun_segnale_esplicito,1
RS COMPONENTS S.R.L,organization,org_srl,1
"RTI COSTITUITO DA FASTWEB S.P.A. (MANDATARIA) E MATICMIND S.P.A., N&C S.R.L. E CONSORZIO CONSIELTE S.C.R.L. (MANDANTI)",organization,org_srl,1
"RTI FASTWEB S.P.A. (MANDATARIA), MATICMIND S.P.A., N&C S.R.L, CONSORZIO CONSIELTE S.C.R.L",organization,org_srl,1
RTI INTELLERA CONSULTING,non_classificato,nessun_segnale_esplicito,1
RTI INTELLERA CONSULTING S.R.L. MANDATARIA E CAPGEMINI ITALIA S.P.A. – HSPI S.P.A. – TELECONSYS S.P.A,organization,org_srl,1
RTI – KPMG ADVISORY SPA,organization,org_spa,1
RTP ARCH. FEDERICO FABBRO,non_classificato,nessun_segnale_esplicito,1
RTP STI@-NICITA (STUDIO ASSOCIATO),organization,org_studio_prof,1
RUBBETTINO EDITORE S.R.L.,organization,org_srl,1
RUBBETTINO SRL,organization,org_srl,1
RUSSO COSTRUZIONI SRL,organization,org_srl,1
RX FRANCE,non_classificato,nessun_segnale_esplicito,1
S.F.B. S.R.L.,organization,org_srl,1
S.M.I. TECHNOLOGIES AND CONSULTING,non_classificato,nessun_segnale_esplicito,1
SABBATINELLI-FAVI & C. SNC,organization,org_snc,3
SABRINA BORSETTI,non_classificato,nessun_segnale_esplicito,1
SACRESTANO AMEDEO,non_classificato,nessun_segnale_esplicito,1
SAE DI QUARTO ALESS,non_classificato,nessun_segnale_esplicito,1
SAFETY SYSTEM SRL,organization,org_srl,1
SALT IMPIANTI S.R.L.,organization,org_srl,1
SANDRA DI SEGNI,non_classificato,nessun_segnale_esplicito,1
SANICLIN SRLS,organization,org_srl,1
SANTONI SRL,organization,org_srl,1
SANTORO GRAFICA S.R.L,organization,org_srl,1
SAP - SOCIETÀ ARCHEOLOGICA S.R.L.,organization,org_srl,1
SARA ASS,non_classificato,nessun_segnale_esplicito,1
SASSANO S.R.L.,organization,org_srl,1
SATCOM SRL,organization,org_srl,1
SATER 4 SHOW S.R.L.,organization,org_srl,1
SAUBER & SAUBER SRL,organization,org_srl,1
SAUBER & SAUBER SRLS,organization,org_srl,2
SAV - INGEGNERIA STUDIO ASS,non_classificato,nessun_segnale_esplicito,1
SBG PARTNERS SPA,organization,org_spa,1
SBLENDORIO GEO,non_classificato,nessun_segnale_esplicito,1
SCAFFALATURE & ARREDI DI STEFANO MILLO,non_classificato,nessun_segnale_esplicito,1
SCALA FIORITA DI CERAVOLO CARMELO,non_classificato,nessun_segnale_esplicito,1
SCHNEIDER ELECTRIC SPA,organization,org_spa,1
SCHULZ,non_classificato,nessun_segnale_esplicito,1
SCONFINANDO SRL,organization,org_srl,1
SCOTTA S.R.L.,organization,org_srl,1
SCUOLA SUPERIORE SANT’ANNA DI PISA,non_classificato,nessun_segnale_esplicito,1
SCUOTTO IMPIANTI ELETTRICI E TECNOLOGICI S.R.L.,organization,org_srl,19
SCUOTTO IMPIANTI ELETTRICI E TECNOLOGICI SRL,organization,org_srl,2
SDG SRL,organization,org_srl,1
SEA - SEA EVENT AGENCY SRLS,organization,org_srl,1
SEA GRUPPO SRL,organization,org_srl,2
SEAL S.R.L.,organization,org_srl,1
SEARCH ON MEDIA GROUP SRL,organization,org_srl,1
SEBACH S.P.A,organization,org_spa,2
SEC IMPIANTI S.R.L.,organization,org_srl,1
SECHI INFORMATICA SRL,organization,org_srl,1
SECLAN S.R.L.,organization,org_srl,1
SECSOL SRL,organization,org_srl,1
SECURITAS METRONOTTE S.R.L.,organization,org_srl,1
SECURITAS METRONOTTE SRL,organization,org_srl,1
SECURITAS METRONOTTE TOSCANA SRL,organization,org_srl,1
SECURITY & ALARMING SRL,organization,org_srl,1
SECURITY LABOR SRL,organization,org_srl,1
SEGESIT MULTIMEDIA SRL,organization,org_srl,1
SEGNI DI INTEGRAZIONE - LAZIO COOPERATIVA SOCIALE ONLUS,organization,org_cooperativa,1
SEIPA S.R.L,organization,org_srl,1
SELINT,non_classificato,nessun_segnale_esplicito,2
SELINT S.R.L,organization,org_srl,1
SELINT S.R.L.,organization,org_srl,1
SELINT SRL,organization,org_srl,4
SEN INTERIM,non_classificato,nessun_segnale_esplicito,1
SERBAN CRISTINA,non_classificato,nessun_segnale_esplicito,1
SEROSISTEMI SRL,organization,org_srl,2
SERVICE S.R.L,organization,org_srl,1
SERVIZI AMBIENTALI S.R.L,organization,org_srl,1
SERVIZI ANTINCENDIO S.R.L,organization,org_srl,2
SERVIZI DIFFUSIONALI SRL,organization,org_srl,1
SERVIZI ELETTRICI INTEGRATI,non_classificato,nessun_segnale_esplicito,1
SERVIZITALIA SOCIETÀ COOPERATIVA,organization,org_cooperativa,1
SET S.R.L.,organization,org_srl,1
SETEC SRL,organization,org_srl,1
SETTANTA7 S.R.L.,organization,org_srl,1
SFERA INFORMATICA & STRUMENTAZIONE S.R.L.,organization,org_srl,2
SHADO S.R.L.,organization,org_srl,1
SHANGHAI MILLCENT EXHIBITION CO,non_classificato,nessun_segnale_esplicito,1
SHIPPING TEAM SRL,organization,org_srl,1
SHOEI BIJITSU CO,non_classificato,nessun_segnale_esplicito,1
SHORR KAN S.R.L.,organization,org_srl,1
SHOW NET S.R.L.,organization,org_srl,1
SIAV S.P.A,organization,org_spa,1
SIAV SPA -VIA A. ROSSI 5/N,organization,org_spa,1
SICURITALIA IVRI SPA.,organization,org_spa,1
SIDEL S.P.A,organization,org_spa,1
SIDELMED SPA,organization,org_spa,1
SIEMENS SPA,organization,org_spa,2
SIGAP ITALPAGHE S.A.S. DI BORRELLI LUISA - SOCIETA TRA PROFESSIONISTI,organization,org_sas,1
SIGGI GROUP S.P.A,organization,org_spa,1
SIGMA S.R.L,organization,org_srl,1
SIGMA SRL,organization,org_srl,2
SIGNORELLI CESARE DI SIGNORELLI,non_classificato,nessun_segnale_esplicito,1
SILERON S.R.L. ( 10251880968),organization,org_srl,1
SILVANA EDITORIALE S,non_classificato,nessun_segnale_esplicito,3
SIMONE POZZI,non_classificato,nessun_segnale_esplicito,1
"SIMUL NEWS S.R.L. – P. IVA 15513981009 – VIA CHIANA N. 38, 00198 ROMA",organization,org_srl,2
SINCRON SISTEMI S.R.L,organization,org_srl,1
SINCRON SISTEMI S.R.L.,organization,org_srl,1
SINERGIE SINESCO S.R.L,organization,org_srl,1
SINERGY GROUP S.R.L. UNIPERSONALE,organization,org_srl,1
SINEXIA S.R.L. RISULTA ABILITATO SUL MERCATO,organization,org_srl,1
SINTESI S.P.A,organization,org_spa,2
SINTESI S.P.A.,organization,org_spa,1
SIPER SRLS,organization,org_srl,1
SIRECON S.R.L.,organization,org_srl,1
SISTEMA AZIENDA SRL,organization,org_srl,5
SISTEMA UFFICIO SRL,organization,org_srl,1
SISTEMI INTEGRATI ANTINCENDIO E SICUREZZA SRL,organization,org_srl,1
SITIC SRL –,organization,org_srl,4
SJ COMPANY,non_classificato,nessun_segnale_esplicito,1
SKYLAB STUDIOS S.R.L.,organization,org_srl,1
SMC TREVISO SRL,organization,org_srl,1
SMI TECHNOLOGIES AND CONSULTING S.R.L.,organization,org_srl,1
SNAP SRL,organization,org_srl,1
SO.EN S.R.L.,organization,org_srl,1
SO.GE.DI.CO. SRL,organization,org_srl,1
SO.VE.PI. SRL.,organization,org_srl,1
SOC. ECOTEAM SRL,organization,org_srl,1
SOC. IL PRATO PUBLISHING HOUSE SRL,organization,org_srl,1
SOC. SPACE SERVICE SRL,organization,org_srl,1
SOC. VIRTUAL LOGIC S.R.L.,organization,org_srl,1
SOCIALCOM S.R.L,organization,org_srl,1
SOCIETA' PULISERVICE SRL,organization,org_srl,1
SOCIETA' SPLENDOR SUD SRL,organization,org_srl,1
SOCIETÀ COOPERATIVA,organization,org_cooperativa,1
SOCIETÀ COOPERATIVA PRONTOTAXI 6645,organization,org_cooperativa,1
SOCIETÀ ERREBIAN S.P.A. (P.I. 02044501001) IN ROMA,organization,org_spa,1
SOCIETÀ GGG SPA,organization,org_spa,1
SOCIETÀ HARPACEAS S.R.L.,organization,org_srl,1
SOCIETÀ MERCURIO SERVICE S.P.A.,organization,org_spa,1
SOCIETÀ PROGETTAZIONE ARCHITETTURA E INGEGNERIA SRL,organization,org_srl,1
SOCIETÀ S NAP S.R.L.,organization,org_srl,1
SOCIETÀ SPRING PROJECT S.R.L,organization,org_srl,1
"SOCIETÀ TELECOM ITALIA S.P.A., P. IVA 00488410010 CON SEDE IN MILANO, VIA GAETANO NEGRI N.1",organization,org_spa,1
SOFTVISION S.R.L.,organization,org_srl,1
SOFTWARE TECNICO SCIENTIFICO S.R.L.,organization,org_srl,1
SOLARI UDINE S.P.A,organization,org_spa,1
SOLGEOTEK SRL,organization,org_srl,1
SOLUZIONI & FORNITURE SRL,organization,org_srl,1
SOLVENTUM ITALY S.R.L.,organization,org_srl,1
SOOURCE SRL,organization,org_srl,1
SORBELLO GIOVANNI,non_classificato,nessun_segnale_esplicito,2
SOSEISHI SNC,organization,org_snc,1
SPAZIO EVENTI ALLESTIMENTI S,non_classificato,nessun_segnale_esplicito,1
SPAZIO LABORATORIO SRL,organization,org_srl,1
SPECIALIZZATO CHE POSS,non_classificato,nessun_segnale_esplicito,2
"SPECIALIZZATO, LA VODAFONE ITALIA S.P.A.",organization,org_spa,1
SPEDART S,non_classificato,nessun_segnale_esplicito,1
SPORT NETWORK SRL,organization,org_srl,1
SPORTS LAB IT S.R.L.,organization,org_srl,1
SPRING PROJECT S.R.L,organization,org_srl,1
SPRINT S.R.L. IN RISPOSTA ALLA SUDDETTA TRATTATIVA,organization,org_srl,1
SPRINT SRL,organization,org_srl,1
SPS SRL,organization,org_srl,1
STABILIMENTO TRIESTINO DI SORVEGLIANZA E CHIUSURA S.R.L.,organization,org_srl,1
STAPLES,non_classificato,nessun_segnale_esplicito,1
STEFANO CEINER,non_classificato,nessun_segnale_esplicito,1
STEFANO PAGANI,non_classificato,nessun_segnale_esplicito,1
STEFANO QUATTRINI,non_classificato,nessun_segnale_esplicito,1
STEIGENBERGER ICON WILTCHER’S,non_classificato,nessun_segnale_esplicito,1
STING ITALIA S.R.L,organization,org_srl,1
STORE DI LUCIDI FABIO - EPOXY SHOP,non_classificato,nessun_segnale_esplicito,1
STRA.EDIL S.R.L.,organization,org_srl,1
STUDIO AMARANTO SRL,organization,org_srl,2
STUDIO ARCH. POZZI S.R.L.,organization,org_srl,1
STUDIO ASSOCIATO FRATERNALI QUATTROCCOLO ARCHITETTI,organization,org_studio_prof,1
STUDIO ATI,non_classificato,nessun_segnale_esplicito,1
STUDIO BC S.R.L.,organization,org_srl,1
STUDIO BLEU DI CHIARA DI BENEDETTO E ANDREA MENEGHETTI,non_classificato,nessun_segnale_esplicito,2
STUDIO COMMERCIALE MASSIMO MORRONE,non_classificato,nessun_segnale_esplicito,2
STUDIO DE VITO S.R.L.,organization,org_srl,1
STUDIO DI BIOARCHITETTURA E RESTAURO DEI MONUMENTI DI MARCO SILVESTRI,non_classificato,nessun_segnale_esplicito,1
"STUDIO DI CONSULENZA E ASSISTENZA FISCALE, AMMINISTRATIVA E LEGAL E PERCIBALLI SCALAS",non_classificato,nessun_segnale_esplicito,1
STUDIO DI GEOLOGIA APPLICATA E GEOTECNICA GEO/TEC,non_classificato,nessun_segnale_esplicito,1
STUDIO DI INGEGNERIA,non_classificato,nessun_segnale_esplicito,1
STUDIO DI INGEGNERIA ING. MARCO PELLEGRINI,non_classificato,nessun_segnale_esplicito,1
STUDIO DI PROGETTAZIONE DE VITO S.R.L.”,organization,org_srl,1
STUDIO IL GRANELLO S.C.S.,non_classificato,nessun_segnale_esplicito,1
STUDIO INGEGNERIA ALESSANDRO PIROTTI,non_classificato,nessun_segnale_esplicito,1
STUDIO LA RICERCA DI MANUELA,non_classificato,nessun_segnale_esplicito,1
STUDIO LEGALE ALFONSO CELOTTO CON SEDE IN ROMA,non_classificato,nessun_segnale_esplicito,1
STUDIO LEGALE AMORUSO,non_classificato,nessun_segnale_esplicito,1
STUDIO LEGALE ASSOCIATO AVVOCATO IVONE CACCIAVILLANI,non_classificato,nessun_segnale_esplicito,1
STUDIO LEGALE ASSOCIATO PISELLI & PARTNERS ROMA,non_classificato,nessun_segnale_esplicito,1
"STUDIO LEGALE CURTIS, MALLET-PREVOST, COLT & MOSLE LLP",non_classificato,nessun_segnale_esplicito,3
STUDIO LEGALE DI CECCO & ASSOCIATI,non_classificato,nessun_segnale_esplicito,1
STUDIO LEGALE FRACCASTORO,non_classificato,nessun_segnale_esplicito,1
STUDIO LEGALE GIANNI & ORIGONI,non_classificato,nessun_segnale_esplicito,1
STUDIO LEGALE MARESCA MORRICO BOCCIA & ASSOCIATI,non_classificato,nessun_segnale_esplicito,1
STUDIO MORBINATI E LONGO SOCIETÀ TRA AVVOCATI S,organization,org_societa_generica,2
STUDIO NOTARILE PAOLO FERRARI,non_classificato,nessun_segnale_esplicito,1
STUDIO PSM TECNICI ASS,non_classificato,nessun_segnale_esplicito,1
STUDIO RUFUS S,non_classificato,nessun_segnale_esplicito,1
STUDIO TECNICO DI ANGELO SOMMESE,non_classificato,nessun_segnale_esplicito,1
STUDIO TOZZI & ASSOCIATI STUDIO PROFESSIONALE,organization,org_studio_prof,1
STUDIO.DOT,non_classificato,nessun_segnale_esplicito,1
SUD COMPUTERS SRL.,organization,org_srl,2
SUDDETTA IN RISPOSTA ALLA SUDDETTA TRATTATIVA,non_classificato,nessun_segnale_esplicito,1
SUMMIT OF DILIGENCE FOR GENERAL TRADING LTD. CO.,non_classificato,nessun_segnale_esplicito,1
SUPERELECTRIC S.R.L.,organization,org_srl,1
SUSANNA GHINASS,non_classificato,nessun_segnale_esplicito,1
SVÈTA GENNAI,non_classificato,nessun_segnale_esplicito,1
SW PROJECT INFORMATICA S,non_classificato,nessun_segnale_esplicito,2
SW PROJECT INFORMATICA S.R.L,organization,org_srl,1
SW PROJECT INFORMATICA SRL,organization,org_srl,3
SYNERGIA S.R.L.,organization,org_srl,1
SYNLAB LAZIO S.R.L.,organization,org_srl,1
SYNTAX S.C.A.R.L,organization,org_scarl,2
SYSPACK COMPUTER ITALIA SRL,organization,org_srl,1
T.A.C.E. SRL,organization,org_srl,1
T.E.R.R.A. S.R.L.,organization,org_srl,1
T.S. IMPIANTI DI FEDERICO VINCENZO,non_classificato,nessun_segnale_esplicito,1
TABLOID SOCIETÀ COOPERATIVA,organization,org_cooperativa,1
TAPPEZZERIA BERTELLI DI BERTELLI PAOLO,non_classificato,nessun_segnale_esplicito,1
TECHNOFFICE DI TOFANI S.,non_classificato,nessun_segnale_esplicito,1
TECHNOFFICE DI TOFANI STEFANO,non_classificato,nessun_segnale_esplicito,1
TECHNOLOGIES 2000 SRL,organization,org_srl,1
TECHNOLOGY MEDIA CO,non_classificato,nessun_segnale_esplicito,1
TECNO 3D SRL,organization,org_srl,1
TECNO ANTONELLI SRL,organization,org_srl,3
TECNO ANTONELLI SRL A SEGUITO DI SOPRALLUOGO,organization,org_srl,1
TECNO ANTONELLI SRL.,organization,org_srl,1
TECNO ASCENSORI ROMA SRL,organization,org_srl,1
TECNO OFFICE GLOBAL S,non_classificato,nessun_segnale_esplicito,4
TECNO3D SRL,organization,org_srl,1
TECNOAPPALTI S.R.L.,organization,org_srl,2
TECNOCONFERENCE EUROPE S.R.L,organization,org_srl,1
TECNOCONFERENCE SRL,organization,org_srl,3
TECNOEDI COSTRUZIONI S,non_classificato,nessun_segnale_esplicito,1
TECNOENGINEERING SRL,organization,org_srl,1
TECNOGRUPPI S.R.L. GIÀ FORNITORE DI HC SERVICE S.C.A.R.L,organization,org_srl,1
TECNOIMPIANTI SRL,organization,org_srl,1
TECNOMEETING SRL,organization,org_srl,2
TECNOREG S.R.L,organization,org_srl,1
TECNOSYSTEM SRL,organization,org_srl,2
TEKNE RESTAURO DI ELISA TREMORI,non_classificato,nessun_segnale_esplicito,2
TEKNOELETTRONICA SRL PROT. M_DG.GDAP 23/07/2025.0320969,organization,org_srl,1
TELEBIT S.P.A.,organization,org_spa,1
TELECOM ITALIA,non_classificato,nessun_segnale_esplicito,1
TELECOM ITALIA S.P.A,organization,org_spa,1
TELECOM ITALIA S.P.A.,organization,org_spa,1
TELECOM ITALIA S.P.A. (CF/PI 00488410010),organization,org_spa,1
"TELECOM ITALIA SPA, CON SEDE LEGALE IN MILANO, VIA GAETANO NEGRI N. 1",organization,org_spa,1
TELECOM S.P.A,organization,org_spa,3
TELECOMUNICAZIONI ALDENA S.R.L.,organization,org_srl,1
TELPRESS ITALIA S.R.L.,organization,org_srl,1
TELPRESS ITALIA SRL,organization,org_srl,1
TEMAS SRL,organization,org_srl,1
TERMICA 2000 DI ROBERTO GARZIA E C. S.A.S.,organization,org_sas,1
TERMO SUD DI LUIGI DE MARTINO,non_classificato,nessun_segnale_esplicito,1
TERMOIDRAULICA DI ESPOSITO GIUSEPPE,non_classificato,nessun_segnale_esplicito,1
TERMOIMPIANTI SRL,organization,org_srl,1
TERMOTEC DI DESANTIS CRISTIAN,non_classificato,nessun_segnale_esplicito,1
TERSA SRL,organization,org_srl,1
TESSITURA ARTISTICA CHIERESE DI NAVONE ANDREA & C,non_classificato,nessun_segnale_esplicito,1
THE DATA APPEAL COMPANY SPA,organization,org_spa,1
THE FOOD BOUTIQUE,non_classificato,nessun_segnale_esplicito,1
THE RIGHT PERSON S.R.L,organization,org_srl,1
THE TEACHERS S.R.L.,organization,org_srl,1
THEA GROUP SPA,organization,org_spa,1
THEOREMA SRL,organization,org_srl,1
TI PHONE,non_classificato,nessun_segnale_esplicito,1
TI.MA. SRL,organization,org_srl,1
TIESSELAB S.R.L,organization,org_srl,1
TIFLA SRLS,organization,org_srl,1
TIM S.P.A,organization,org_spa,1
TIM S.P.A.,organization,org_spa,2
TIM S.P.A. ( CODICE FISCALE: 00488410010),organization,org_spa,1
TIMEWARE DIGITAL SRL,organization,org_srl,1
TIPOGRAFIA CISI DI DANILO LA REGINA,non_classificato,nessun_segnale_esplicito,1
TIPOGRAFIA CLAUDIO NERI S.R.L.,organization,org_srl,1
TIPOGRAFIA GALLI DI PIACENTINI ROMOLO,non_classificato,nessun_segnale_esplicito,1
TIPOGRAFIA RICCIERI DI RICCIERI MAURO,non_classificato,nessun_segnale_esplicito,1
TIPOGRAFIA RISMA,non_classificato,nessun_segnale_esplicito,1
TIPOGRAFIA RISMA DI BARBAGLI SIMONE,non_classificato,nessun_segnale_esplicito,1
TIPOMART SNC,organization,org_snc,1
TIRRENIA S.R.L.,organization,org_srl,2
TONERGROSS S.R.L. (P.I. 16781871005) IN ROMA,organization,org_srl,1
TOOLBOX,non_classificato,nessun_segnale_esplicito,2
TOOLBOX S,non_classificato,nessun_segnale_esplicito,1
TOP NOLEGGIO S.R.L,organization,org_srl,1
TOP STORE DISTRIBUZIONI SRL,organization,org_srl,1
TOPCON POSITIONING ITALY SRL,organization,org_srl,3
TRANE ITALIA S.R.L,organization,org_srl,2
TRANE ITALIA SRL (CF: [IDENTIFICATIVO PRIVATO RIMOSSO]),organization,org_srl,1
TRASLOCHI SCABELLI GROUPS S.R.L.,organization,org_srl,1
TREGI SAS,organization,org_sas,2
TRIESTE CONVENTION CENTER S.P.A,organization,org_spa,1
TRULY DESIGN S.R.L.,organization,org_srl,1
TTS TELEMATICA TRASPORTI E SICUREZZA,non_classificato,nessun_segnale_esplicito,1
TUEGA S,non_classificato,nessun_segnale_esplicito,1
TUTTOLUBRIFICANTI DI ELIA LUBJANA & C. SAS,organization,org_sas,1
UFFICIOSTILE S.P.A,organization,org_spa,2
UFFICIOSTILE SPA (CODICE,organization,org_spa,1
ULTOM SRL,organization,org_srl,1
ULTRAPROMEDIA S.R.L,organization,org_srl,1
ULTRAPROMEDIA S.R.L.,organization,org_srl,1
ULTRAPROMEDIA SRL,organization,org_srl,1
ULTRAVIAGGI S.R.L,organization,org_srl,1
UMBERTO ALLEMANDI SRL,organization,org_srl,1
UMBRA CONTROL S.R.L,organization,org_srl,1
UMBRIA ACCUMULATORI,non_classificato,nessun_segnale_esplicito,1
UNDERSCORE S.R.L,organization,org_srl,2
UNIDATA S,non_classificato,nessun_segnale_esplicito,2
UNIPOLSAI ASS,non_classificato,nessun_segnale_esplicito,2
UNISID GROUP S.R.L.,organization,org_srl,1
UNISVE S.R.L.,organization,org_srl,1
UNITARI E METRICHE UTILIZZATE IN AQ COSNIP PER SERVIZI ANALOGHI,non_classificato,nessun_segnale_esplicito,1
UNIVERSITA DEGLI STUDI DI MILANO BICOCCA,non_classificato,nessun_segnale_esplicito,1
UNIVERSITA’ DEGLI STUDI MILANO BICOCCA,non_classificato,nessun_segnale_esplicito,1
UNIVERSITÀ CATTOLICA DEL SACRO CUORE,non_classificato,nessun_segnale_esplicito,1
UNIVERSITÀ CATTOLICA DEL SACRO CUORE (ATI CON FONDAZIONE EOS ONLUS),organization,org_fondazione,1
UNIVERSITÀ DEGLI STUDI DI FIRENZE - DIPARTIMENTO DIDA,non_classificato,nessun_segnale_esplicito,1
V.P.P. COMUNICATION FACTORY S,non_classificato,nessun_segnale_esplicito,1
VALERIO CAPRA,non_classificato,nessun_segnale_esplicito,1
VANESSA FONTANI PER UN IMPORTO COMPLESSIVO PARI A € 25,non_classificato,nessun_segnale_esplicito,1
VANNETTI ANDREA S.R.L,organization,org_srl,1
VANNI GANDOLFO,non_classificato,nessun_segnale_esplicito,2
VATTERONI LUCIANO SRL,organization,org_srl,1
VCJN INTERNATIONAL,non_classificato,nessun_segnale_esplicito,2
VCO GOMME SNC,organization,org_snc,1
VEASYT SRL,organization,org_srl,1
VEGA S.R.L.,organization,org_srl,1
VIANOVA SPA,organization,org_spa,1
VIARÌ SRLS,organization,org_srl,1
VICE SERVIZI S,non_classificato,nessun_segnale_esplicito,1
VICTORIA CARICATO,non_classificato,nessun_segnale_esplicito,1
VIDEOLOOP SRL,organization,org_srl,1
VIDIERRE S.R.L.,organization,org_srl,1
VIGILANTES GROUP SRL,organization,org_srl,2
VIGILANZA NOC SECURITY SRL UNIPERSONALE,organization,org_srl,1
VIGINVEST S,non_classificato,nessun_segnale_esplicito,6
VIRALBEAT S.R.L.,organization,org_srl,1
VIRTUAL COOP COOPERATIVA SOCIALE O.N.L.U.S.,organization,org_cooperativa,1
VIRTUAL LOGIC S,non_classificato,nessun_segnale_esplicito,1
VIS FACTOR SRL,organization,org_srl,1
VISION TECHNOLOGY S.R.L.,organization,org_srl,1
VISPO SRL,organization,org_srl,1
VISUAL STUDIO DI ANNALISA BAGNI,non_classificato,nessun_segnale_esplicito,1
VISURA S.P.A.,organization,org_spa,1
VITALE IMPIANTI SRL,organization,org_srl,1
VITRUVIUS ENGINEERING S.A.S,organization,org_sas,1
VITTORIA ASSICURAZIONI CON POLIZZA N,non_classificato,nessun_segnale_esplicito,1
VM AGENCY GROUP SRLS,organization,org_srl,1
VML ITALIA S.R.L.,organization,org_srl,1
VODAFONE ITALIA S.P.A,organization,org_spa,1
VODAFONE SPA,organization,org_spa,1
VODEN MEDICAL INSTRUMENT SPA,organization,org_spa,3
WACOAL ART CENTER,non_classificato,nessun_segnale_esplicito,1
WAREHOUSE'S PROJECT S.R.L,organization,org_srl,1
WARNER MUSIC ITALIA S.R.L.,organization,org_srl,1
WARP TECH S.R.L,organization,org_srl,1
WILY AGENCY GROUP SRL,organization,org_srl,1
WINDOWS CLEANER & GENERAL,non_classificato,nessun_segnale_esplicito,1
WIPRO FERRETTO S.R.L,organization,org_srl,1
WISH IT” S.R.L,organization,org_srl,1
WOLTERS KLUWER ITALIA SRL,organization,org_srl,2
WOLTERS KLUWER ITALIA” S.R.L,organization,org_srl,3
WORD SYSTEM COMMUNICATIONS S.R.L,organization,org_srl,2
WORD SYSTEM COMMUNICATIONS SRL,organization,org_srl,1
WORD SYSTEM COMMUNICATIONS SRL HA PRESENTATO IL PREVENTIVO DI 2.680,organization,org_srl,1
X-RAY BULLETS DI BRAGAGNOLO MAX,non_classificato,nessun_segnale_esplicito,1
XEROX S.P.A.,organization,org_spa,1
Y2K DI BARONTINI FRANCESCO,non_classificato,nessun_segnale_esplicito,1
YBRAND SRL,organization,org_srl,2
ZAMPIERI SERVICES S.R.L,organization,org_srl,2
ZANCHI FORESTA E GIARDINO SRL,organization,org_srl,1
ZAPPONE ANGELO S.R.L.,organization,org_srl,1
ZEL EDIZIONI SRL,organization,org_srl,1
ZELUS DI LORENZO ZANONI,non_classificato,nessun_segnale_esplicito,1
ZERODESIGN CONCEPT S,non_classificato,nessun_segnale_esplicito,2
ZETA IMPIANTI SRLS,organization,org_srl,1
ZETAELLE SRL,organization,org_srl,1
ZG LIGHTING SRL,organization,org_srl,1
ZINNI GROUP S.R.L.S,organization,org_srl,4
ZP COSTRUZIONI GENERALI S.R.L.,organization,org_srl,1
ZP3 S.R.L.,organization,org_srl,2
ZUCCHET ITALIA S,non_classificato,nessun_segnale_esplicito,1
ZUCCHETTI SPA,organization,org_spa,1
ZUPONE ASCENSORI SRL,organization,org_srl,1
[IDENTIFICATIVO PRIVATO RIMOSSO] ADITINET CONSULTING,non_classificato,nessun_segnale_esplicito,1
[IDENTIFICATIVO PRIVATO RIMOSSO] CREA GIOVANNI,non_classificato,nessun_segnale_esplicito,1
